Locus,Parameter-number,Bin,Age,Parameter-value,Parameter-Frequency,Standard-deviation,Counts-per-bin,Autocorrelation-per-bin
1,1,1,0.00025,0.159444407,1.74925E-05,0.00338134,4932.299805,-0.000580481
1,1,2,0.00075,0.188437432,4.02707E-05,0.003859372,6730.619629,0.07060352
1,1,3,0.00125,0.185619041,7.28923E-05,0.003258788,7548.739746,0.022700759
1,1,4,0.00175,0.1765728,0.000115956,0.003110095,7906.959961,0.038823601
1,1,5,0.00225,0.156184733,0.000168976,0.002806176,7993.429688,0.058064867
1,1,6,0.00275,0.140864328,0.000234186,0.002635092,7933.689941,0.083171688
1,1,7,0.00325,0.126357347,0.000306596,0.002505892,7901.290039,0.114554197
1,1,8,0.00375,0.109658584,0.00039024,0.00220722,8061.089844,0.139972583
1,1,9,0.00425,0.098842837,0.000479663,0.002075283,8181.599609,0.17866829
1,1,10,0.00475,0.088757992,0.000578757,0.002009785,8259.80957,0.237388372
1,1,11,0.00525,0.078120604,0.000684296,0.001796586,8225.769531,0.245884612
1,1,12,0.00575,0.074147254,0.000790603,0.001856936,7902.369629,0.297510833
1,1,13,0.00625,0.074231543,0.00090818,0.002018446,7271.029785,0.338580012
1,1,14,0.00675,0.072958954,0.001006159,0.002375807,6274.549805,0.366435111
1,1,15,0.00725,0.07036987,0.001115048,0.00246997,5340.719727,0.402059704
1,1,16,0.00775,0.071340844,0.00120962,0.002778146,4439.709961,0.42470032
1,1,17,0.00825,0.074208826,0.001320624,0.003584481,3502.01001,0.450544685
1,1,18,0.00875,0.074886903,0.001441637,0.004362316,2821.72998,0.456763268
1,1,19,0.00925,0.082518823,0.001462486,0.005554692,2360.810059,0.441870898
1,1,20,0.009750001,0.086167857,0.00166942,0.008227618,2022.299927,0.515672088
1,1,21,0.010250001,0.083532572,0.001639803,0.006631475,1793.130005,0.508891523
1,1,22,0.010750001,0.082330532,0.001794575,0.006954777,1720.549927,0.539944708
1,1,23,0.011250001,0.091245987,0.001815882,0.008779989,1504.27002,0.491477549
1,1,24,0.011750001,0.096522443,0.001839555,0.009631163,1315.299927,0.486073554
1,1,25,0.012250001,0.088945709,0.001847549,0.009530664,1231.299927,0.504219472
1,1,26,0.012750001,0.096037723,0.001923922,0.010671525,1010.709961,0.482982487
1,1,27,0.013250001,0.089544982,0.001864786,0.010943731,805.6699829,0.508464277
1,1,28,0.013750001,0.087268271,0.001950594,0.013870532,667.5899658,0.494180143
1,1,29,0.014250001,0.094939306,0.001977072,0.014931854,596.9099731,0.449929774
1,1,30,0.014750001,0.096809879,0.002040942,0.018399222,556.1099854,0.412347585
1,1,31,0.015250001,0.116680168,0.001986336,0.028416533,455.8599854,0.384985924
1,1,32,0.015750001,0.10130024,0.001971359,0.029921286,372.039978,0.317553729
1,1,33,0.016250001,0.097247236,0.002146508,0.02900246,363.5699768,0.304787338
1,1,34,0.016750001,0.094257802,0.002061241,0.032738339,347.6000061,0.370273769
1,1,35,0.017250001,0.101188399,0.002111093,0.068803065,363.5699768,0.69377327
1,1,36,0.017750001,0.095533289,0.002191709,0.028699935,414.9400024,0.427423716
1,1,37,0.018250001,0.091076627,0.001964523,0.022142977,470.4700012,0.47271806
1,1,38,0.018750001,0.090046346,0.002241698,0.016423246,528.5599976,0.480856895
1,1,39,0.019250001,0.098803721,0.002191982,0.012933274,602.9199829,0.444035262
1,1,40,0.019750001,0.076880269,0.002137683,0.011849749,661.6199951,0.455291569
1,1,41,0.020250001,0.082404971,0.00214617,0.011712789,707.5799561,0.509569883
1,1,42,0.020750001,0.099086396,0.002250962,0.013102787,706.2999878,0.456459731
1,1,43,0.021250001,0.097994357,0.002142601,0.011209747,766.5199585,0.473639935
1,1,44,0.021750001,0.085888453,0.002186195,0.010252476,739.6300049,0.536692262
1,1,45,0.022250001,0.080423966,0.002302403,0.010828641,700.4199829,0.550509036
1,1,46,0.022750001,0.08029832,0.002158491,0.060955703,676.2399902,0.313272655
1,1,47,0.023250001,0.116735265,0.002199049,0.339347124,730.6900024,0.59082818
1,1,48,0.023750001,0.104088962,0.002301665,0.187943518,690.1699829,0.555585921
1,1,49,0.024250001,0.094383247,0.002326823,0.015513553,613.3599854,0.472941965
1,1,50,0.024750001,0.105068617,0.00224861,0.018424353,535.0899658,0.459718734
1,1,51,0.025250001,0.089813523,0.002318706,0.016884582,497.4599915,0.477955043
1,1,52,0.025750001,0.090719141,0.002243835,0.016664961,451.3199768,0.443460465
1,1,53,0.026250001,0.09527643,0.002316682,0.017611587,428.9299927,0.443762034
1,1,54,0.026750001,0.107078634,0.002348686,0.019110082,401.789978,0.334502935
1,1,55,0.027250001,0.095286548,0.002187639,0.025157478,321.2999878,0.496120066
1,1,56,0.027750001,0.113440089,0.002280514,0.026403105,252.1499939,0.435917556
1,1,57,0.028250001,0.113568313,0.002450657,0.033811413,211.7099915,0.447376847
1,1,58,0.028750001,0.12332385,0.002173534,0.062804483,184.3199921,0.499806494
1,1,59,0.029250001,0.113145426,0.002250109,0.071905837,161.3499908,0.557157576
1,1,60,0.029750001,0.103984192,0.00225415,0.034194831,138.9100037,0.415303677
1,1,61,0.030250001,0.129243359,0.002455185,0.04869863,112.3399963,0.409199268
1,1,62,0.030750002,0.109319121,0.002208649,0.057324953,86.97999573,0.312708914
1,1,63,0.031250002,0.196119785,0.002047594,0.085655689,58.77000046,0.100200698
1,1,64,0.031750002,0.105478883,0.002024069,0.056495231,58.46999741,0.014525961
1,1,65,0.032250002,0.106960669,0.002008415,0.064381748,58.18000031,0.031892888
1,1,66,0.032750002,0.11243815,0.001972185,0.092406727,36.77000046,0.354395121
1,1,67,0.033250002,0.087893501,0.001938533,0.067125663,27.43999863,0.308845013
1,1,68,0.033750002,0.120150395,0.002112931,0.062873676,23.37999916,0.428582579
1,1,69,0.034250002,0.047952533,0.001814619,0.08031904,17.90999985,0.431397229
1,1,70,0.034750002,0.267103344,0.001672236,0.240122125,17.76000023,0.571992636
1,1,71,0.035250002,0.912311316,0.00190112,1.58630085,13.82999992,0.377049595
1,1,72,0.035750002,0.720471203,0.00152273,4.538170815,13.29999924,0.377176404
1,1,73,0.036250002,0.159070522,0.001965729,0.193623737,14.89999962,0.136627093
1,1,74,0.036750002,0.182084844,0.001829501,0.206032708,9.949999809,0.012542137
1,1,75,0.037250002,0.189301699,0.001844025,0.171248198,12.94999981,0.162673459
1,1,76,0.037750002,0.136242032,0.001648511,0.072348535,15.63000011,0.273959756
1,1,77,0.038250002,0.065817133,0.002213682,0.073063076,19.72999954,0.446609944
1,1,78,0.038750002,0.083671264,0.002204829,0.116970956,24.48999977,0.261000365
1,1,79,0.039250002,0.119527169,0.002151247,0.14045541,25.69999886,0.082296118
1,1,80,0.039750002,0.146643043,0.002017283,0.169632196,24.84000015,0.108649679
1,1,81,0.040250002,0.150119945,0.002018257,0.129795939,32.27000046,0.146822274
1,1,82,0.040750002,0.143943787,0.002426369,0.079982512,45.27999878,0.311501086
1,1,83,0.041250002,0.198742181,0.002509872,0.101882473,44.93999863,0.254367083
1,1,84,0.041750002,0.182002127,0.002219358,0.136000216,41.84000015,0.315567881
1,1,85,0.042250002,0.149429068,0.002444525,0.07708472,52.15999985,0.207566127
1,1,86,0.042750002,0.149407074,0.002773023,0.051585052,62.31999969,0.211913735
1,1,87,0.043250002,0.089623526,0.002580433,0.038404703,74.12999725,0.450717211
1,1,88,0.043750002,0.103767939,0.002374533,0.030315138,68.38999939,0.295239389
1,1,89,0.044250002,0.110326573,0.002780091,0.046309799,73.36000061,0.226853088
1,1,90,0.044750002,0.098398253,0.002307571,0.051125504,77.25999451,0.268140674
1,1,91,0.045250002,0.113937177,0.002414142,0.04869616,73.5,0.23427023
1,1,92,0.045750002,0.136405602,0.002387552,0.064634822,89.22000122,0.393607348
1,1,93,0.046250002,0.107323766,0.002563541,0.087743521,96.40000153,0.460518092
1,1,94,0.046750002,0.144615874,0.002496795,0.068526372,108.9300003,0.419006407
1,1,95,0.047250002,0.09750367,0.002675992,0.036533233,114.6199951,0.380263209
1,1,96,0.047750002,0.10638538,0.002436976,0.035301682,140.2799988,0.460116088
1,1,97,0.048250002,0.14478831,0.00258293,0.037696265,133.5500031,0.297751069
1,1,98,0.048750002,0.119473241,0.002673513,0.037130285,124.9699936,0.286635906
1,1,99,0.049250002,0.111644149,0.002417247,0.03295086,137.5899963,0.299040437
1,1,100,0.049750002,0.110919558,0.002241703,0.040643808,136.2599945,0.30083999
1,1,101,0.050250002,0.121101633,0.002696341,0.040076096,141.2799988,0.392104685
1,1,102,0.050750002,0.122284211,0.002532694,0.044223748,153.5399933,0.404676825
1,1,103,0.051250002,0.094665498,0.002328202,0.037253268,164.3999939,0.377624512
1,1,104,0.051750003,0.114808328,0.002825799,0.026956633,189.1399994,0.340302259
1,1,105,0.052250003,0.114278048,0.002682257,0.028914874,202.1100006,0.445741206
1,1,106,0.052750003,0.104739778,0.002806813,0.025541008,204.7099915,0.441661418
1,1,107,0.053250003,0.088371851,0.002574701,0.025121046,193.0500031,0.426065713
1,1,108,0.053750003,0.08445552,0.002391867,0.025452532,180.6999969,0.458366543
1,1,109,0.054250003,0.083138548,0.002457776,0.038438961,157.9400024,0.462455809
1,1,110,0.054750003,0.076721057,0.002722524,0.022641446,165.6699982,0.365248829
1,1,111,0.055250003,0.087973431,0.002424909,0.022006743,220.7999878,0.411289036
1,1,112,0.055750003,0.096391298,0.002693162,0.022937363,245.769989,0.436928868
1,1,113,0.056250003,0.104863785,0.002555805,0.027933063,225.3799896,0.399170369
1,1,114,0.056750003,0.086282715,0.002622904,0.025623933,231.5499878,0.400751323
1,1,115,0.057250003,0.13905102,0.00264743,0.559899092,221.6399994,0.31001401
1,1,116,0.057750003,0.18668659,0.002690825,1.001819372,235.3199921,0.513725162
1,1,117,0.058250003,0.163703263,0.002725171,1.003368616,229.6799927,0.500449777
1,1,118,0.058750003,0.148527145,0.002636125,1.137827039,299.8800049,0.72633791
1,1,119,0.059250003,0.152278304,0.00251017,0.972881734,246.4399872,0.499770671
1,1,120,0.059750003,0.185896769,0.002898346,0.883110225,251.3399963,0.497430295
1,1,121,0.060250003,0.174421519,0.002798565,0.699507713,294.0400085,0.474891186
1,1,122,0.060750003,0.149577007,0.002767034,0.160092548,292.1600037,0.437089503
1,1,123,0.061250003,0.099057898,0.002794559,0.025602361,283.7399902,0.450047314
1,1,124,0.061750003,0.100599527,0.002619649,0.021893097,305.7099915,0.419005305
1,1,125,0.062250003,0.079838954,0.002478521,0.028023593,263.0700073,0.28396818
1,1,126,0.062750003,0.100078419,0.002844331,0.022668596,251.7999878,0.489538014
1,1,127,0.063250003,0.067284606,0.00244585,0.020570414,279.9599915,0.512175322
1,1,128,0.063750003,0.064291298,0.002799205,0.013659969,338.4299927,0.453499496
1,1,129,0.064250003,0.070360474,0.002796946,0.016751962,338.0799866,0.479069769
1,1,130,0.064750003,0.08733242,0.002735475,0.019167464,356.9199829,0.41763258
1,1,131,0.065250003,0.093109347,0.002972408,0.022693671,348.9199829,0.491284967
1,1,132,0.065750003,0.104320817,0.002913462,0.024873093,374.3199768,0.467425227
1,1,133,0.066250003,0.095509104,0.002929501,0.02523881,387.019989,0.478304058
1,1,134,0.066750003,0.099466696,0.002838663,0.027927585,349.3999939,0.457520425
1,1,135,0.067250003,0.115210913,0.003016737,0.027888944,350.0799866,0.453505755
1,1,136,0.067750003,0.08662919,0.002559589,0.026106902,385.789978,0.45550707
1,1,137,0.068250003,0.094977453,0.002978465,0.021714723,440.539978,0.429893911
1,1,138,0.068750003,0.097672083,0.003117939,0.023641685,402.3399963,0.396617711
1,1,139,0.069250003,0.086306408,0.003060268,0.018550763,445,0.479639918
1,1,140,0.069750003,0.095911332,0.002802853,0.024780029,474.519989,0.441072881
1,1,141,0.070250003,0.09909872,0.003042399,0.022698496,478.6699829,0.490195781
1,1,142,0.070750003,0.089240655,0.00304883,0.018367855,504.7599792,0.45073092
1,1,143,0.071250003,0.093521781,0.00300296,0.017297465,546.8399658,0.505961776
1,1,144,0.071750003,0.092902124,0.003016142,0.016943544,552.4500122,0.498673677
1,1,145,0.072250003,0.093742885,0.002943824,0.018310901,529.2399902,0.516046405
1,1,146,0.072750004,0.087915622,0.003040881,0.017002363,505.2999878,0.474226356
1,1,147,0.073250004,0.091975413,0.00293346,0.017365951,512.2199707,0.552232742
1,1,148,0.073750004,0.086877331,0.002917594,0.018193577,460.6300049,0.472105503
1,1,149,0.074250004,0.096252181,0.003104529,0.019848082,438.7799988,0.397683471
1,1,150,0.074750004,0.088609539,0.003023098,0.017833335,482.6699829,0.413246542
1,1,151,0.075250004,0.08989232,0.003074912,0.016001442,537.2699585,0.42202419
1,1,152,0.075750004,0.089258462,0.003052924,0.015079773,576.3300171,0.46577549
1,1,153,0.076250004,0.088194318,0.003029516,0.029582184,554.5199585,0.499417126
1,1,154,0.076750004,0.080457017,0.003128124,0.014956376,535.5999756,0.50917536
1,1,155,0.077250004,0.088928081,0.003129559,0.01685952,550.039978,0.464563787
1,1,156,0.077750004,0.084076569,0.003025237,0.013757701,549.5999756,0.458415419
1,1,157,0.078250004,0.094269663,0.003027126,0.012661969,595.0899658,0.436398119
1,1,158,0.078750004,0.096162669,0.00319072,0.012338697,613.4099731,0.457788825
1,1,159,0.079250004,0.080771893,0.00298087,0.024946062,563.5299683,0.506618202
1,1,160,0.079750004,0.084348559,0.003188665,0.017026153,615.3099976,0.452618837
1,1,161,0.080250004,0.082354948,0.003193728,0.014398926,579.6099854,0.438176721
1,1,162,0.080750004,0.0709204,0.003160929,0.014671967,587.6499634,0.434526593
1,1,163,0.081250004,0.073458955,0.002971794,0.015225233,593.1400146,0.418339193
1,1,164,0.081750004,0.073223047,0.002963583,0.016620582,576,0.392151147
1,1,165,0.082250004,0.065571234,0.003071344,0.01324728,550.0100098,0.387437373
1,1,166,0.082750004,0.074602738,0.003137077,0.018256944,576.75,0.418472618
1,1,167,0.083250004,0.073330119,0.003238652,0.01545059,580.3999634,0.454618067
1,1,168,0.083750004,0.071550556,0.00313888,0.012697114,586.8900146,0.534775734
1,1,169,0.084250004,0.067160986,0.00314181,0.01259616,579.7799683,0.545288324
1,1,170,0.084750004,0.06932617,0.003257903,0.013447799,574.9500122,0.523556411
1,1,171,0.085250004,0.070283905,0.003243706,0.011796092,633.2799683,0.540702105
1,1,172,0.085750004,0.070174128,0.003214757,0.011721958,644.1499634,0.537716985
1,1,173,0.086250004,0.06624376,0.003086831,0.011540035,638.4599609,0.52640748
1,1,174,0.086750004,0.065034233,0.003168923,0.011982685,632.9599609,0.501113474
1,1,175,0.087250004,0.066074684,0.003194267,0.013259559,637.25,0.494185269
1,1,176,0.087750004,0.06098688,0.003206803,0.012745541,647.6300049,0.498506725
1,1,177,0.088250004,0.065432169,0.00330235,0.011869577,690.9199829,0.497806698
1,1,178,0.088750004,0.064474545,0.003178086,0.01236234,653.9699707,0.512503147
1,1,179,0.089250004,0.06901335,0.003277934,0.013804706,661.9099731,0.469241828
1,1,180,0.089750004,0.071351588,0.003328165,0.01467533,676.5599976,0.495830447
1,1,181,0.090250004,0.072032943,0.003349055,0.014052307,680.789978,0.487982571
1,1,182,0.090750004,0.073062249,0.003449136,0.013958013,654.5299683,0.481485844
1,1,183,0.091250004,0.069207154,0.003445729,0.012685795,712.5899658,0.471133471
1,1,184,0.091750004,0.068896055,0.003265836,0.012608862,768.2000122,0.474140555
1,1,185,0.092250004,0.065362312,0.003489522,0.012748211,721.5199585,0.472976863
1,1,186,0.092750004,0.068303488,0.003394794,0.011235072,752.4699707,0.468960017
1,1,187,0.093250004,0.071470402,0.003370859,0.013439202,791.6599731,0.415874034
1,1,188,0.093750005,0.070655599,0.003590814,0.013375443,780.4599609,0.450119317
1,1,189,0.094250005,0.070144787,0.003449461,0.012719335,797.0199585,0.431591183
1,1,190,0.094750005,0.068292476,0.003413358,0.01257913,814.25,0.446000695
1,1,191,0.095250005,0.065253101,0.003315909,0.009585858,859.6699829,0.490312666
1,1,192,0.095750005,0.059476316,0.003392078,0.008431551,896.4299927,0.514466465
1,1,193,0.096250005,0.057826757,0.003528248,0.008385041,912.2299805,0.516701043
1,1,194,0.096750005,0.064712279,0.003539615,0.00872457,914.3499756,0.478064477
1,1,195,0.097250005,0.062398538,0.003522284,0.009076091,931.539978,0.475108296
1,1,196,0.097750005,0.065769151,0.003455621,0.008658709,977.4299927,0.451277822
1,1,197,0.098250005,0.064892605,0.003492781,0.008821041,966.5099487,0.470846325
1,1,198,0.098750005,0.061855871,0.003528638,0.008718177,1013.279968,0.470100492
1,1,199,0.099250005,0.055307053,0.003544776,0.007751553,1005.549988,0.472655684
1,1,200,0.099750005,0.062054366,0.003603454,0.007349093,1079.179932,0.452382416
1,1,201,0.100250005,0.064028733,0.003551113,0.007428513,1100.459961,0.453050584
1,1,202,0.100750005,0.063062675,0.00369048,0.007740011,1101.97998,0.469391227
1,1,203,0.101250005,0.062037658,0.003598742,0.00868678,1166.98999,0.521969974
1,1,204,0.101750005,0.061359678,0.003625078,0.008232139,1211.219971,0.473062128
1,1,205,0.102250005,0.06255956,0.003658512,0.009552206,1199.160034,0.476142824
1,1,206,0.102750005,0.061978828,0.003700714,0.009313235,1231.429932,0.484249115
1,1,207,0.103250005,0.062239584,0.003650328,0.009777271,1280.209961,0.487891913
1,1,208,0.103750005,0.058444466,0.003674152,0.007094507,1322.829956,0.464806229
1,1,209,0.104250005,0.057733435,0.003721441,0.006294391,1390.119995,0.468800277
1,1,210,0.104750005,0.055585221,0.003790595,0.005695325,1443.159912,0.492026359
1,1,211,0.105250005,0.056019023,0.003734891,0.005428121,1519.140015,0.493133009
1,1,212,0.105750005,0.05744968,0.003751886,0.007611401,1547.839966,0.497458845
1,1,213,0.106250005,0.053237662,0.003740853,0.005091349,1598.469971,0.485425443
1,1,214,0.106750005,0.054894373,0.003781548,0.004930762,1668.849976,0.489270389
1,1,215,0.107250005,0.051135857,0.003704404,0.004533716,1745.140015,0.480959117
1,1,216,0.107750005,0.050876606,0.003741188,0.004526655,1765.390015,0.495059848
1,1,217,0.108250005,0.048382316,0.003808784,0.004303166,1842.419922,0.488730311
1,1,218,0.108750005,0.046789359,0.00386381,0.004124796,1885.809937,0.476107866
1,1,219,0.109250005,0.048210561,0.003868995,0.003966936,1923.969971,0.478888363
1,1,220,0.109750005,0.050017163,0.003914801,0.004047863,1947.049927,0.466122985
1,1,221,0.110250005,0.049133871,0.003930942,0.003952301,2019.880005,0.477006316
1,1,222,0.110750005,0.04955902,0.003888423,0.003962809,2022.179932,0.487607747
1,1,223,0.111250005,0.04887905,0.003864063,0.003773148,2105.129883,0.49328807
1,1,224,0.111750005,0.047615934,0.003889691,0.003806043,2130.909912,0.490965039
1,1,225,0.112250005,0.047243651,0.003939929,0.003648389,2182.5,0.476915389
1,1,226,0.112750005,0.047262829,0.003993437,0.003443966,2268.439941,0.474204749
1,1,227,0.113250005,0.048018169,0.003950732,0.003351166,2332.389893,0.478544653
1,1,228,0.113750005,0.04861081,0.00389906,0.003272225,2380.709961,0.486227512
1,1,229,0.114250005,0.046958786,0.00390048,0.003275735,2426.780029,0.481167465
1,1,230,0.114750006,0.047268026,0.003981576,0.003113091,2527.219971,0.472597569
1,1,231,0.115250006,0.046358436,0.003984777,0.003010445,2525.179932,0.4620772
1,1,232,0.115750006,0.047896437,0.003972744,0.003083738,2515.589844,0.463725478
1,1,233,0.116250006,0.044651102,0.003965047,0.002976585,2565.179932,0.474559426
1,1,234,0.116750006,0.044588331,0.003946344,0.002961694,2607.599854,0.469758093
1,1,235,0.117250006,0.0433801,0.004009537,0.002867036,2673.099854,0.471004844
1,1,236,0.117750006,0.043760922,0.004084588,0.002810587,2660.419922,0.473399133
1,1,237,0.118250006,0.043639429,0.004015285,0.002778607,2714.790039,0.475643694
1,1,238,0.118750006,0.044174593,0.003973862,0.002749651,2705.449951,0.464616984
1,1,239,0.119250006,0.042678341,0.00404825,0.002775943,2671.449951,0.469286293
1,1,240,0.119750006,0.041359205,0.003940764,0.002799012,2637.919922,0.468464494
1,1,241,0.120250006,0.041279282,0.00403932,0.002587198,2686.629883,0.477816969
1,1,242,0.120750006,0.041021235,0.004060782,0.002523931,2673.199951,0.487761974
1,1,243,0.121250006,0.041780584,0.00404353,0.002503027,2695.01001,0.486260504
1,1,244,0.121750006,0.041492395,0.004103281,0.002507345,2688.649902,0.46080339
1,1,245,0.122250006,0.041170817,0.004059205,0.002500489,2646.089844,0.474116623
1,1,246,0.122750006,0.041100137,0.004026963,0.002596556,2547.689941,0.480550647
1,1,247,0.123250006,0.041536029,0.004104734,0.002598127,2483.919922,0.470151275
1,1,248,0.123750006,0.041958001,0.004105622,0.002614744,2461.399902,0.444169879
1,1,249,0.124250006,0.042210639,0.004047563,0.002635136,2410.649902,0.439795196
1,1,250,0.124750006,0.041045245,0.004073848,0.002578087,2380.550049,0.446256876
1,1,251,0.125250006,0.039724425,0.004113911,0.002580454,2342.349854,0.473431796
1,1,252,0.125750006,0.040523469,0.004056086,0.002637301,2306.47998,0.461834252
1,1,253,0.126250006,0.041289616,0.004036369,0.002736852,2226.459961,0.457708031
1,1,254,0.126750006,0.039451469,0.004091857,0.002693554,2193.23999,0.474585176
1,1,255,0.127250006,0.039091669,0.003992164,0.002600103,2160.320068,0.478859663
1,1,256,0.127750006,0.037970327,0.004047727,0.002579509,2074.099854,0.486368865
1,1,257,0.128250006,0.036930963,0.00399228,0.002583716,2024.359985,0.486100286
1,1,258,0.128750006,0.036222156,0.004074744,0.002642065,1924.219971,0.489461154
1,1,259,0.129250006,0.037803248,0.004053886,0.002750738,1877.699951,0.459119618
1,1,260,0.129750006,0.03626978,0.004019196,0.002734706,1768.659912,0.468428224
1,1,261,0.130250006,0.038713083,0.004057321,0.002839874,1727.849976,0.464529753
1,1,262,0.130750006,0.038240254,0.0040276,0.002956898,1607.640015,0.463460654
1,1,263,0.131250006,0.037735701,0.004102708,0.002887844,1590.179932,0.469473273
1,1,264,0.131750006,0.03618658,0.00409398,0.002997262,1468.26001,0.467178702
1,1,265,0.132250006,0.036376532,0.004026649,0.00301088,1434.27002,0.46939832
1,1,266,0.132750006,0.035799578,0.004090461,0.003046601,1349.339966,0.471634001
1,1,267,0.133250006,0.036086962,0.004058547,0.003157554,1291.98999,0.468903929
1,1,268,0.133750006,0.036165558,0.004147084,0.003305811,1228.169922,0.463349015
1,1,269,0.134250006,0.03645017,0.004117171,0.00321549,1193.76001,0.465916455
1,1,270,0.134750006,0.038033571,0.004044403,0.003349852,1133.27002,0.454358965
1,1,271,0.135250006,0.036777921,0.004094747,0.003413601,1063.359985,0.459689617
1,1,272,0.135750006,0.035893727,0.003993989,0.003501167,1007.98999,0.485094458
1,1,273,0.136250007,0.036019083,0.003991921,0.003618447,932.4299927,0.469826222
1,1,274,0.136750007,0.035569411,0.004118421,0.003683429,865.0599976,0.470881343
1,1,275,0.137250007,0.037191883,0.003948542,0.003984091,809.6799927,0.452358335
1,1,276,0.137750007,0.03629547,0.004010048,0.004083837,741.6199951,0.43516922
1,1,277,0.138250007,0.037086345,0.004093026,0.004275857,691.7000122,0.425634652
1,1,278,0.138750007,0.035377398,0.00407518,0.004419395,662.6900024,0.435188323
1,1,279,0.139250007,0.036561411,0.00388605,0.004780466,606.9199829,0.416434318
1,1,280,0.139750007,0.035686884,0.003979685,0.005168629,555.9699707,0.417958856
1,1,281,0.140250007,0.036069013,0.004065185,0.005362968,531.3900146,0.395112842
1,1,282,0.140750007,0.036788996,0.004022413,0.005502953,494.0999756,0.409991294
1,1,283,0.141250007,0.037326563,0.00406526,0.006197257,462.7599792,0.390454322
1,1,284,0.141750007,0.033850402,0.00402728,0.008728207,442.769989,0.452447146
1,1,285,0.142250007,0.033077471,0.004073136,0.008716161,428.3599854,0.432111293
1,1,286,0.142750007,0.034249306,0.003969849,0.009653228,395.8099976,0.445351243
1,1,287,0.143250007,0.039179631,0.003949752,0.013482316,351.519989,0.584473252
1,1,288,0.143750007,0.035448331,0.004056705,0.008510768,323.1699829,0.419346541
1,1,289,0.144250007,0.043338966,0.004196147,0.012588915,305.0599976,0.448994666
1,1,290,0.144750007,0.040263947,0.004075003,0.012180983,272.2999878,0.437478066
1,1,291,0.145250007,0.03197439,0.004034932,0.00634452,274.8699951,0.483707219
1,1,292,0.145750007,0.032006986,0.004118487,0.0062896,259.6000061,0.467620939
1,1,293,0.146250007,0.030455982,0.004235924,0.006875722,222.1799927,0.470491737
1,1,294,0.146750007,0.036094207,0.004004055,0.006723768,210.9899902,0.424438447
1,1,295,0.147250007,0.032596368,0.003899702,0.006911065,178.6299896,0.44785738
1,1,296,0.147750007,0.037037168,0.003820992,0.008231605,160.3799896,0.420165896
1,1,297,0.148250007,0.035199653,0.004052378,0.008925692,138.1900024,0.47466898
1,1,298,0.148750007,0.06670171,0.003827243,0.185137317,126.0999985,0.490491182
1,1,299,0.149250007,0.037365526,0.004191835,0.01260482,112.6999969,0.493699759
1,1,300,0.149750007,0.034060359,0.003856807,0.011380827,101.4700012,0.38847965
1,1,301,0.150250007,0.039999474,0.003778998,0.010814754,97.29999542,0.394091249
1,1,302,0.150750007,0.036115076,0.003918329,0.011568699,83.48999786,0.44050464
1,1,303,0.151250007,0.042168096,0.003828611,0.012733744,73.65000153,0.401424587
1,1,304,0.151750007,0.042145599,0.003924536,0.012967878,69.23999786,0.41195038
1,1,305,0.152250007,0.036019377,0.003826938,0.013653899,64.33000183,0.446259677
1,1,306,0.152750007,0.037047111,0.003737238,0.015276046,59.00999832,0.27773577
1,1,307,0.153250007,0.024908824,0.00398809,0.013009455,55.16999817,0.414257586
1,1,308,0.153750007,0.026393848,0.003813299,0.013405945,55.52999878,0.400056928
1,1,309,0.154250007,0.026127555,0.003796461,0.018039795,48.63999939,0.278612495
1,1,310,0.154750007,0.030843636,0.003657932,0.019070627,43.95000076,0.280411691
1,1,311,0.155250007,0.029681236,0.003531672,0.023246396,34.71999741,0.309270948
1,1,312,0.155750007,0.027562741,0.003341363,0.023548227,32.59999847,0.463433117
1,1,313,0.156250007,0.045911811,0.003514318,0.029790614,28.90999985,0.485028833
1,1,314,0.156750007,0.047318209,0.003278574,0.033882957,26.63999939,0.523984611
1,1,315,0.157250008,0.039121885,0.003820884,0.029151574,27.38999939,0.503174245
1,1,316,0.157750008,0.047189392,0.003396766,0.03482914,25.57999992,0.548835695
1,1,317,0.158250008,0.050568819,0.003088608,0.03738584,20.77000046,0.492128581
1,1,318,0.158750008,0.043620404,0.002860742,0.024482297,21.5,0.44176209
1,1,319,0.159250008,0.042188577,0.003079602,0.028385937,18.69999886,0.456874967
1,1,320,0.159750008,0.030241638,0.002799601,0.037607316,14.40999985,0.489433616
1,1,321,0.160250008,0.028401293,0.00255358,0.041965198,14.05999947,0.509653866
1,1,322,0.160750008,0.028809847,0.00267185,0.035962086,11.94999981,0.429157138
1,1,323,0.161250008,0.028582176,0.002822148,0.032064632,11.48999977,0.362620056
1,1,324,0.161750008,0.03491972,0.002322552,0.029554706,11.40999985,0.293766111
1,1,325,0.162250008,0.033166561,0.002568219,0.022172276,10.88999939,0.217618361
1,1,326,0.162750008,0.033670064,0.002533549,0.021255499,10.96999931,0.146398127
1,1,327,0.163250008,0.037566491,0.002660859,0.022591082,9.449999809,0.061515015
1,1,328,0.163750008,0.03981984,0.002185006,0.031296387,7.139999867,0.04010772
1,1,329,0.164250008,0.037792496,0.002162403,0.033442963,6.639999867,0.044009201
1,1,330,0.164750008,0.035199605,0.001928196,0.040778745,5.699999809,0.040670648
1,1,331,0.165250008,0.040049747,0.002085386,0.042259339,5.239999771,0.037464637
1,1,332,0.165750008,0.039528042,0.001837614,0.039085917,5.519999981,0.007213956
1,1,333,0.166250008,0.03440759,0.001985419,0.048925668,6.170000076,0.058392726
1,1,334,0.166750008,0.033071593,0.001945246,0.04948771,6.25,-0.028419837
1,1,335,0.167250008,0.032449778,0.001611388,0.082906067,4.579999924,0.022716047
1,1,336,0.167750008,0.030086298,0.001381024,0.237948701,2.909999847,0.288730562
1,1,337,0.168250008,0.017832886,0.001214968,0.308158189,2.779999971,0.334974915
1,1,338,0.168750008,0.015977763,0.000998531,-999,2.039999962,0.564467728
1,1,339,0.169250008,0.014356043,0.000890794,-999,1.909999967,0.575838208
1,1,340,0.169750008,0.01414841,0.000650422,-999,1.849999905,0.615192473
1,2,1,0.00025,0.413550109,2.38969E-05,0.002957809,42194.80078,0.001828681
1,2,2,0.00075,0.316691369,4.65941E-05,0.002463926,37472.53906,0.01256489
1,2,3,0.00125,0.256960958,7.77312E-05,0.002151856,33790.71094,0.029130586
1,2,4,0.00175,0.216987416,0.000118461,0.001970963,31464.86914,0.062118288
1,2,5,0.00225,0.186593846,0.000168467,0.004217159,28880.41992,0.494052321
1,2,6,0.00275,0.167510226,0.000230012,0.001945543,25137.00977,0.1834874
1,2,7,0.00325,0.150922254,0.000301181,0.002069243,21073.78906,0.253534079
1,2,8,0.00375,0.136256859,0.000380868,0.002202568,17514.67969,0.306753963
1,2,9,0.00425,0.12731956,0.000472247,0.002281425,14898.0498,0.347700328
1,2,10,0.00475,0.120511554,0.000576489,0.00237707,12965.43945,0.37216112
1,2,11,0.00525,0.115135692,0.000682529,0.002782427,11647.80957,0.439058244
1,2,12,0.00575,0.114650197,0.000796427,0.002755728,10438.38965,0.423819155
1,2,13,0.00625,0.113495357,0.00090542,0.00304805,9073.290039,0.451872498
1,2,14,0.00675,0.116010979,0.001038471,0.003418682,7842.109863,0.455115646
1,2,15,0.00725,0.118285909,0.001139311,0.003941311,6841.899902,0.479701132
1,2,16,0.00775,0.119328804,0.001238347,0.004512753,5726.350098,0.484360933
1,2,17,0.00825,0.118104197,0.001363088,0.004618658,5000.819824,0.489522874
1,2,18,0.00875,0.121023908,0.001471949,0.00552435,4249.379883,0.497278154
1,2,19,0.00925,0.129698098,0.00148082,0.007416966,3584.629883,0.514593065
1,2,20,0.009750001,0.144856826,0.001656833,0.008647699,3037.639893,0.497233897
1,2,21,0.010250001,0.135890037,0.001678375,0.009929377,2526.099854,0.528988361
1,2,22,0.010750001,0.134312496,0.001711555,0.008798359,2378.72998,0.53230238
1,2,23,0.011250001,0.147796154,0.001857177,0.010915014,2068.73999,0.525084794
1,2,24,0.011750001,0.154127106,0.001809917,0.012779496,1695.819946,0.498186886
1,2,25,0.012250001,0.136215121,0.001808342,0.012411908,1546.849976,0.556195259
1,2,26,0.012750001,0.142723247,0.001869119,0.015431432,1262.640015,0.550720811
1,2,27,0.013250001,0.145124719,0.001849286,0.016979788,1048.619995,0.47184208
1,2,28,0.013750001,0.152516455,0.00196596,0.021876857,898.2399902,0.466854721
1,2,29,0.014250001,0.151321024,0.001980148,0.020695629,717.039978,0.484529853
1,2,30,0.014750001,0.149395943,0.001942704,0.022231581,660.3999634,0.436078548
1,2,31,0.015250001,0.172353506,0.002083472,0.025553273,513.6699829,0.387368113
1,2,32,0.015750001,0.153136551,0.001986412,0.027857896,475.9700012,0.47264877
1,2,33,0.016250001,0.130310535,0.002004542,0.023997994,512.1599731,0.46359244
1,2,34,0.016750001,0.163165629,0.00207236,0.026940823,515.2000122,0.426095814
1,2,35,0.017250001,0.173438504,0.002075673,0.026807247,548.9400024,0.483015031
1,2,36,0.017750001,0.161533117,0.00214348,0.029941633,597.5100098,0.426332295
1,2,37,0.018250001,0.146355733,0.00220287,0.020724047,660.7699585,0.445331931
1,2,38,0.018750001,0.151318997,0.002042197,0.020862548,799.9099731,0.48699373
1,2,39,0.019250001,0.144576713,0.002271176,0.019000704,845.6199951,0.446160346
1,2,40,0.019750001,0.148110628,0.002127248,0.017153388,897.0999756,0.492955595
1,2,41,0.020250001,0.132278979,0.00213615,0.019147297,992.5799561,0.443681777
1,2,42,0.020750001,0.131808534,0.002141353,0.017684909,995.0799561,0.455295175
1,2,43,0.021250001,0.126826406,0.002153057,0.020350296,973.0899658,0.426695705
1,2,44,0.021750001,0.12702322,0.002134294,0.01994949,952.8699951,0.490496486
1,2,45,0.022250001,0.123132624,0.002264017,0.015971428,932.4400024,0.546872854
1,2,46,0.022750001,0.130039722,0.002234328,0.018758846,956.9799805,0.43029654
1,2,47,0.023250001,0.135296464,0.002246964,0.015694222,987.3599854,0.534845352
1,2,48,0.023750001,0.147260323,0.002334095,0.016749209,968.2699585,0.379432946
1,2,49,0.024250001,0.148746461,0.002337392,0.01651137,846.7799683,0.443844914
1,2,50,0.024750001,0.125951961,0.002234963,0.017777262,746.0999756,0.488495976
1,2,51,0.025250001,0.109871902,0.002017411,0.016720064,700.289978,0.52992934
1,2,52,0.025750001,0.110564195,0.002089902,0.016828628,645,0.51471889
1,2,53,0.026250001,0.103791475,0.002213933,0.018534418,565.4599609,0.441737324
1,2,54,0.026750001,0.087561473,0.002061428,0.014687618,515.1599731,0.535586357
1,2,55,0.027250001,0.109128512,0.002188195,0.021639736,424.2999878,0.46187973
1,2,56,0.027750001,0.107123449,0.002227307,0.02034964,363.6499939,0.448590249
1,2,57,0.028250001,0.102078237,0.002122122,0.021846633,299.4400024,0.512395263
1,2,58,0.028750001,0.101676889,0.002069239,0.022549518,258.8999939,0.529191315
1,2,59,0.029250001,0.109749779,0.002059242,0.034375694,201.5699921,0.432539105
1,2,60,0.029750001,0.134769186,0.002260175,0.03006495,173.9599915,0.304038078
1,2,61,0.030250001,0.176863596,0.002296247,0.051885434,152.0500031,0.422229111
1,2,62,0.030750002,0.133426473,0.002364381,0.048609465,128.3999939,0.405954152
1,2,63,0.031250002,0.182898462,0.00217233,0.137693897,86.93000031,0.079557709
1,2,64,0.031750002,0.217450976,0.002055992,0.166052878,67.43999481,0.062683761
1,2,65,0.032250002,0.193007216,0.002269299,0.200574413,60.55999756,0.162805185
1,2,66,0.032750002,0.268182427,0.002387057,0.102625057,47.27000046,0.074271999
1,2,67,0.033250002,0.11484424,0.001806361,0.052084159,34.25,0.107114308
1,2,68,0.033750002,0.08111196,0.002112567,0.068268925,28.94999886,0.383097559
1,2,69,0.034250002,0.158219308,0.002167878,0.079178199,25.46999931,0.385467887
1,2,70,0.034750002,0.215089485,0.001955924,0.548959494,20.27999878,0.703609169
1,2,71,0.035250002,0.409150124,0.001929123,0.090570852,21.07999992,0.056392681
1,2,72,0.035750002,0.160859987,0.001891405,0.07848686,19.92000008,0.16701296
1,2,73,0.036250002,0.227098957,0.002008741,0.166259483,18.95999908,0.430157423
1,2,74,0.036750002,0.235306084,0.001775408,0.762251318,15.47999954,0.469902456
1,2,75,0.037250002,0.169921279,0.001761935,0.224562809,19.68999863,0.115973026
1,2,76,0.037750002,0.140939504,0.002105256,0.14764072,19.77999878,0.253260195
1,2,77,0.038250002,0.171174631,0.00212906,0.14729631,22.54999924,0.229350582
1,2,78,0.038750002,0.154934377,0.002003214,0.125340566,26.96999931,0.120537326
1,2,79,0.039250002,0.150356337,0.002312356,0.118954487,31.3599987,0.158737764
1,2,80,0.039750002,0.157778114,0.002395195,0.085063003,37.93000031,0.140641496
1,2,81,0.040250002,0.183345318,0.002576111,0.080126464,41.61000061,0.205510348
1,2,82,0.040750002,0.192236051,0.002682987,0.072991453,48.5399971,0.148940623
1,2,83,0.041250002,0.201363251,0.002577801,0.090146512,52.44999695,0.189104632
1,2,84,0.041750002,0.32703352,0.002549321,0.117440939,56.22999954,0.532137632
1,2,85,0.042250002,0.203409344,0.002238643,0.083279036,75.40999603,0.374358833
1,2,86,0.042750002,0.1791327,0.002349515,0.070646428,80.68000031,0.364103168
1,2,87,0.043250002,0.150281832,0.00226841,0.071814247,89.30999756,0.411085159
1,2,88,0.043750002,0.198683739,0.002401186,0.102410927,94.63999939,0.436303794
1,2,89,0.044250002,0.22701101,0.002645013,0.107080557,93.26999664,0.465009511
1,2,90,0.044750002,0.141864434,0.002185656,0.086365253,98.5,0.460295171
1,2,91,0.045250002,0.125351727,0.002216811,0.13675639,123.5400009,0.467739403
1,2,92,0.045750002,0.141916201,0.002396896,0.067193136,151.1900024,0.174251288
1,2,93,0.046250002,0.23322314,0.002575612,0.066394806,165.2899933,0.152955934
1,2,94,0.046750002,0.158063546,0.002376477,0.059600212,150.7099915,0.215457454
1,2,95,0.047250002,0.113273598,0.002253167,0.041192576,157.7399902,0.413043141
1,2,96,0.047750002,0.143117145,0.00234817,0.050099071,209.7599945,0.297570616
1,2,97,0.048250002,0.143642649,0.002629916,0.049924281,210.3099976,0.324844182
1,2,98,0.048750002,0.159965679,0.002471571,0.053890318,201.1900024,0.337522775
1,2,99,0.049250002,0.133225337,0.002231868,0.040480319,220.6399994,0.378839642
1,2,100,0.049750002,0.128769919,0.002497652,0.061851744,261.0599976,0.466595531
1,2,101,0.050250002,0.112712555,0.002523037,0.074281529,247.0299988,0.470725179
1,2,102,0.050750002,0.143940106,0.002230568,0.099719741,227.5399933,0.590967476
1,2,103,0.051250002,0.135168076,0.002473448,0.056932908,207.9099884,0.420837671
1,2,104,0.051750003,0.128795072,0.002339602,0.029224217,271.8899841,0.417134523
1,2,105,0.052250003,0.138290644,0.002393329,0.036747873,244.8699951,0.314858645
1,2,106,0.052750003,0.146905482,0.002547092,0.04216484,260.8500061,0.392486125
1,2,107,0.053250003,0.14876096,0.002480932,0.032566968,343.6699829,0.380994499
1,2,108,0.053750003,0.129975826,0.002541174,0.031141572,331.8200073,0.399073809
1,2,109,0.054250003,0.135912389,0.002786433,0.026619971,350.3299866,0.414679706
1,2,110,0.054750003,0.134979338,0.00260195,0.028783135,331.0899963,0.445120752
1,2,111,0.055250003,0.132926881,0.002537548,0.040241037,338.1199951,0.47473219
1,2,112,0.055750003,0.164063007,0.002453514,0.04700328,290.0700073,0.34078598
1,2,113,0.056250003,0.129227668,0.002462603,0.03185004,346.9299927,0.239370555
1,2,114,0.056750003,0.122535199,0.002522239,0.02656043,385.4700012,0.366434574
1,2,115,0.057250003,0.133721158,0.002466389,0.028389739,365.5099792,0.410258055
1,2,116,0.057750003,0.133881196,0.002508214,0.035779309,315.8899841,0.379842401
1,2,117,0.058250003,0.136372522,0.002612012,0.034572739,329.2399902,0.407025784
1,2,118,0.058750003,0.151218414,0.002657344,0.033520125,364.7399902,0.369719088
1,2,119,0.059250003,0.125799164,0.00278956,0.030621141,369.0699768,0.386856675
1,2,120,0.059750003,0.134699121,0.002623542,0.02310783,358.019989,0.384468168
1,2,121,0.060250003,0.129527301,0.002766121,0.023701614,382.4299927,0.427196026
1,2,122,0.060750003,0.131959856,0.002912067,0.027900659,388.0499878,0.43811667
1,2,123,0.061250003,0.109919578,0.0027226,0.025572429,440.789978,0.508911252
1,2,124,0.061750003,0.126303285,0.002686084,0.027596194,481.8299866,0.421562016
1,2,125,0.062250003,0.141203269,0.002936415,0.023944598,492.0799866,0.378965914
1,2,126,0.062750003,0.137125894,0.002913034,0.0234435,499.8499756,0.401063204
1,2,127,0.063250003,0.131535351,0.002776993,0.023376646,486.6999817,0.427409053
1,2,128,0.063750003,0.126743838,0.00289843,0.021632211,503.6399841,0.428688377
1,2,129,0.064250003,0.129750714,0.002833626,0.024125548,493.789978,0.433110356
1,2,130,0.064750003,0.121680349,0.002521714,0.020997651,557.5700073,0.500163257
1,2,131,0.065250003,0.119440056,0.002797063,0.021623822,534.8699951,0.465256035
1,2,132,0.065750003,0.105960131,0.002810253,0.019181836,568.0299683,0.470584333
1,2,133,0.066250003,0.11393933,0.002999721,0.028167835,543.6199951,0.444110423
1,2,134,0.066750003,0.141632959,0.002988179,0.033198517,581.3800049,0.409130752
1,2,135,0.067250003,0.135436416,0.002968747,0.023362106,594.9199829,0.419591695
1,2,136,0.067750003,0.108413152,0.002868806,0.017232832,586.9199829,0.434973359
1,2,137,0.068250003,0.111342616,0.002714348,0.0156314,629.5899658,0.486198485
1,2,138,0.068750003,0.106650397,0.002904455,0.014726679,641.7799683,0.501791239
1,2,139,0.069250003,0.105952643,0.003018696,0.013753965,662,0.494092077
1,2,140,0.069750003,0.09277501,0.002741134,0.01397965,697.6699829,0.524987698
1,2,141,0.070250003,0.09177497,0.002782962,0.012749667,674.4899902,0.439257085
1,2,142,0.070750003,0.104327686,0.003001678,0.015677838,706.25,0.476360172
1,2,143,0.071250003,0.108787842,0.00297602,0.021754051,770.6399536,0.394682229
1,2,144,0.071750003,0.107024752,0.002853957,0.017563732,736.8999634,0.495141119
1,2,145,0.072250003,0.117690705,0.002832434,0.016534377,772.1699829,0.523686409
1,2,146,0.072750004,0.124453746,0.002922536,0.017784448,736.8099976,0.479281068
1,2,147,0.073250004,0.10462036,0.00304447,0.016881455,748.3399658,0.507345796
1,2,148,0.073750004,0.102436081,0.003011589,0.015870215,714.1599731,0.46076718
1,2,149,0.074250004,0.112618968,0.003005151,0.014798248,783.7600098,0.474610418
1,2,150,0.074750004,0.120941065,0.002845179,0.01893145,741.8800049,0.45332697
1,2,151,0.075250004,0.126879782,0.003091583,0.016963655,716.2799683,0.45465982
1,2,152,0.075750004,0.126937851,0.002950867,0.018639498,702.7099609,0.417719066
1,2,153,0.076250004,0.108220652,0.002940686,0.016436709,762.1499634,0.446080983
1,2,154,0.076750004,0.102050833,0.003037871,0.015075982,748.5,0.484682262
1,2,155,0.077250004,0.098521091,0.003032871,0.013671229,772.2600098,0.541654348
1,2,156,0.077750004,0.106719121,0.002938112,0.012951295,821.0799561,0.48394239
1,2,157,0.078250004,0.100382872,0.00301766,0.012086588,869.8699951,0.49869597
1,2,158,0.078750004,0.097939588,0.003103903,0.013300219,797.5499878,0.495573759
1,2,159,0.079250004,0.099824883,0.00305886,0.013234893,835.4400024,0.47128737
1,2,160,0.079750004,0.101711452,0.003093916,0.012489466,882.6699829,0.490230978
1,2,161,0.080250004,0.103410833,0.00296553,0.013658507,872.7399902,0.46060887
1,2,162,0.080750004,0.115507588,0.003139413,0.013276129,916.5799561,0.382174701
1,2,163,0.081250004,0.099679954,0.002981977,0.012028164,891.3200073,0.395920664
1,2,164,0.081750004,0.109428614,0.00302395,0.014128466,796.8899536,0.402267963
1,2,165,0.082250004,0.109490551,0.003123479,0.015272919,850.7399902,0.458752424
1,2,166,0.082750004,0.112366818,0.003069704,0.014613519,863.7600098,0.500632107
1,2,167,0.083250004,0.099885345,0.003118973,0.012602551,957.4299927,0.540328443
1,2,168,0.083750004,0.093756266,0.003221903,0.011634789,987.5499878,0.537102521
1,2,169,0.084250004,0.095124379,0.003118018,0.012118171,1002.059998,0.494307101
1,2,170,0.084750004,0.100521833,0.003240542,0.012965412,975.7999878,0.486606836
1,2,171,0.085250004,0.102942839,0.002999264,0.013978289,977.8699951,0.480627149
1,2,172,0.085750004,0.104346447,0.00325218,0.014770633,900.4099731,0.457053244
1,2,173,0.086250004,0.369427025,0.003226163,2.991262913,969.6199951,0.499506205
1,2,174,0.086750004,0.34567982,0.003203247,2.875385284,1013.380005,0.500313461
1,2,175,0.087250004,0.382927328,0.003202729,2.760075331,1060.469971,0.503720701
1,2,176,0.087750004,0.382756084,0.003428163,4.568553448,1071.76001,0.800516546
1,2,177,0.088250004,0.266172677,0.003185661,2.554664612,1072.880005,0.654449523
1,2,178,0.088750004,0.095921211,0.003222249,0.011926302,1066.049927,0.526241303
1,2,179,0.089250004,0.092180498,0.003259534,0.01161111,1032.48999,0.514262378
1,2,180,0.089750004,0.090252347,0.003250953,0.010900311,1017.899963,0.47946465
1,2,181,0.090250004,0.090397395,0.003294965,0.01008693,1081.169922,0.50180167
1,2,182,0.090750004,0.094525479,0.003324739,0.010365704,1092.309937,0.515039265
1,2,183,0.091250004,0.092143394,0.003334408,0.009955628,1114.459961,0.516153276
1,2,184,0.091750004,0.09102007,0.003261103,0.009488571,1170.819946,0.520733476
1,2,185,0.092250004,0.096015126,0.003268753,0.01054039,1150.829956,0.508249521
1,2,186,0.092750004,0.098033868,0.003408497,0.010525196,1158.079956,0.500852406
1,2,187,0.093250004,0.096135855,0.003363731,0.009829591,1199.469971,0.4786627
1,2,188,0.093750005,0.095431469,0.003372513,0.009701605,1246.849976,0.468246788
1,2,189,0.094250005,0.091434516,0.003401866,0.009722865,1249.659912,0.466132104
1,2,190,0.094750005,0.091902971,0.003431215,0.009368273,1304.030029,0.453566223
1,2,191,0.095250005,0.091988899,0.003394929,0.008958989,1325.72998,0.441108614
1,2,192,0.095750005,0.090190925,0.00339257,0.012452381,1342.829956,0.484905183
1,2,193,0.096250005,0.086406097,0.003375466,0.012155241,1361.209961,0.487150192
1,2,194,0.096750005,0.084803492,0.003336916,0.011554099,1445.919922,0.495551765
1,2,195,0.097250005,0.085136414,0.00348006,0.011158931,1494.099976,0.491639257
1,2,196,0.097750005,0.087120988,0.003491317,0.011076773,1531.939941,0.489541292
1,2,197,0.098250005,0.085478582,0.003510729,0.010936293,1558,0.485848635
1,2,198,0.098750005,0.089663036,0.003437289,0.011025429,1576.75,0.478942782
1,2,199,0.099250005,0.095787764,0.003575407,0.010774122,1615.75,0.469450921
1,2,200,0.099750005,0.088288657,0.003530671,0.007509511,1656.319946,0.466391385
1,2,201,0.100250005,0.090348579,0.003569788,0.007528915,1725.669922,0.462970257
1,2,202,0.100750005,0.087616384,0.003513672,0.007208203,1836.049927,0.475705624
1,2,203,0.101250005,0.083586745,0.003596585,0.006694394,1897.609985,0.470653385
1,2,204,0.101750005,0.083289526,0.003549581,0.006601442,1935.399902,0.468963921
1,2,205,0.102250005,0.079526767,0.003496098,0.006487396,1941.059937,0.486333758
1,2,206,0.102750005,0.079181783,0.003612195,0.008478823,2071.099854,0.49974671
1,2,207,0.103250005,0.077081963,0.003676695,0.005863813,2118.560059,0.486960292
1,2,208,0.103750005,0.078245021,0.003675255,0.005768004,2175.320068,0.476298153
1,2,209,0.104250005,0.077143945,0.003597721,0.005623016,2255.869873,0.481634885
1,2,210,0.104750005,0.075339802,0.003689265,0.005338836,2300.629883,0.481307119
1,2,211,0.105250005,0.073256314,0.003655631,0.005095342,2395.929932,0.477980971
1,2,212,0.105750005,0.07087782,0.003649466,0.004952452,2507.540039,0.492633939
1,2,213,0.106250005,0.068350226,0.003758897,0.004698176,2625.050049,0.50031668
1,2,214,0.106750005,0.067737304,0.003702645,0.004574788,2778.569824,0.493418843
1,2,215,0.107250005,0.068134204,0.003772304,0.004526314,2825.02002,0.486779511
1,2,216,0.107750005,0.06905064,0.00376868,0.004340458,2951.73999,0.489804924
1,2,217,0.108250005,0.066798694,0.003737537,0.004112587,3043.889893,0.491665632
1,2,218,0.108750005,0.064795606,0.00381232,0.00396803,3088.030029,0.494737864
1,2,219,0.109250005,0.06464725,0.003773782,0.003764001,3254.569824,0.4925659
1,2,220,0.109750005,0.064577147,0.00378754,0.003664086,3349.389893,0.493444592
1,2,221,0.110250005,0.06400732,0.003811285,0.003475677,3499.040039,0.491638035
1,2,222,0.110750005,0.062523536,0.00387046,0.003367226,3589.189941,0.489484459
1,2,223,0.111250005,0.063398175,0.003849297,0.003393128,3724.389893,0.476424545
1,2,224,0.111750005,0.061965454,0.003850932,0.003227208,3847.889893,0.483495712
1,2,225,0.112250005,0.061027926,0.00383419,0.003131585,3903.689941,0.489892066
1,2,226,0.112750005,0.058720779,0.003809703,0.002957533,4014.51001,0.49606204
1,2,227,0.113250005,0.057657808,0.003885758,0.002896138,4089.98999,0.497291416
1,2,228,0.113750005,0.055977423,0.003854338,0.002748382,4235.350098,0.501329958
1,2,229,0.114250005,0.055476777,0.003852084,0.002650951,4274.589844,0.498768538
1,2,230,0.114750006,0.053953543,0.003922542,0.002623798,4322.459961,0.502400756
1,2,231,0.115250006,0.053488724,0.003881041,0.002580368,4408.540039,0.501696169
1,2,232,0.115750006,0.05218415,0.003890337,0.002503778,4497.739746,0.509376586
1,2,233,0.116250006,0.051473159,0.003939474,0.002439354,4528.790039,0.511391997
1,2,234,0.116750006,0.049976341,0.003909497,0.002332371,4627.850098,0.508943379
1,2,235,0.117250006,0.049528875,0.0039243,0.00228018,4672.279785,0.50581485
1,2,236,0.117750006,0.050099537,0.003941568,0.002236219,4693.859863,0.499752581
1,2,237,0.118250006,0.050011057,0.003908935,0.002256857,4706.159668,0.498299718
1,2,238,0.118750006,0.048356362,0.003941868,0.002174771,4745.659668,0.499942243
1,2,239,0.119250006,0.047687974,0.003909033,0.002208663,4772.330078,0.506413221
1,2,240,0.119750006,0.0482555,0.003947864,0.002198394,4697.060059,0.470095307
1,2,241,0.120250006,0.047833663,0.003895085,0.003105488,4684.919922,0.53993392
1,2,242,0.120750006,0.048227415,0.003939864,0.002281576,4646.27002,0.475678682
1,2,243,0.121250006,0.047524519,0.003934118,0.002143167,4625.149902,0.495008081
1,2,244,0.121750006,0.046761513,0.003921609,0.00212556,4558.5,0.487824976
1,2,245,0.122250006,0.045153789,0.003873597,0.002140621,4472.549805,0.493436515
1,2,246,0.122750006,0.045508578,0.003944031,0.002092198,4439.689941,0.496111661
1,2,247,0.123250006,0.045258049,0.003923192,0.002104796,4373.939941,0.501808405
1,2,248,0.123750006,0.045328658,0.003983586,0.002113486,4256.060059,0.498727828
1,2,249,0.124250006,0.046159361,0.003969698,0.002144747,4205.199707,0.496496528
1,2,250,0.124750006,0.045670126,0.003968711,0.002167042,4107.439941,0.495498747
1,2,251,0.125250006,0.045090813,0.00389768,0.002202848,3938.98999,0.493401587
1,2,252,0.125750006,0.047930818,0.003952412,0.005952565,3975.869873,0.498966515
1,2,253,0.126250006,0.048188984,0.003998779,0.006236083,3838.409912,0.5144732
1,2,254,0.126750006,0.046709783,0.003986443,0.003890646,3710.829834,0.471911848
1,2,255,0.127250006,0.044586599,0.003978158,0.002182067,3619.639893,0.496208817
1,2,256,0.127750006,0.044889964,0.00397093,0.002284537,3494.829834,0.49537015
1,2,257,0.128250006,0.044550054,0.003968365,0.002289917,3419.379883,0.49330619
1,2,258,0.128750006,0.043394309,0.003953883,0.002308599,3295.679932,0.502096295
1,2,259,0.129250006,0.043629859,0.003961768,0.002374121,3140.26001,0.500310242
1,2,260,0.129750006,0.042999566,0.003936293,0.002402899,3010.309814,0.505765915
1,2,261,0.130250006,0.042998303,0.003960592,0.002466942,2841.030029,0.506716967
1,2,262,0.130750006,0.042121086,0.003929355,0.0024863,2735.22998,0.510767639
1,2,263,0.131250006,0.040976778,0.004002291,0.002509882,2625.369873,0.515421271
1,2,264,0.131750006,0.041577835,0.004015612,0.002616746,2460.709961,0.497160733
1,2,265,0.132250006,0.042489637,0.003988377,0.002734281,2307.149902,0.496117055
1,2,266,0.132750006,0.043261241,0.003924909,0.002817352,2210.51001,0.475873381
1,2,267,0.133250006,0.043106008,0.003938587,0.002889883,2113.399902,0.480932176
1,2,268,0.133750006,0.041743029,0.003992516,0.002929089,2027.140015,0.476599574
1,2,269,0.134250006,0.04066262,0.003917311,0.002972193,1886.149902,0.49322927
1,2,270,0.134750006,0.041220136,0.004033526,0.002948995,1768.699951,0.484807164
1,2,271,0.135250006,0.043765161,0.003930412,0.003071501,1724,0.44993484
1,2,272,0.135750006,0.043796174,0.003949908,0.003120554,1648.109985,0.454493403
1,2,273,0.136250007,0.041890267,0.003975584,0.003296981,1523.849976,0.449617207
1,2,274,0.136750007,0.04067491,0.003962734,0.003292054,1460.539917,0.442125887
1,2,275,0.137250007,0.040166471,0.003927891,0.003314647,1357.429932,0.451810122
1,2,276,0.137750007,0.041689746,0.003937571,0.003573581,1240.390015,0.443691403
1,2,277,0.138250007,0.043142378,0.004007663,0.004566261,1136.929932,0.475362659
1,2,278,0.138750007,0.044078622,0.003964149,0.004696583,1071.26001,0.459973246
1,2,279,0.139250007,0.042780243,0.00397428,0.004054099,975.8099976,0.446707517
1,2,280,0.139750007,0.040465064,0.003961024,0.004047922,912.4799805,0.451201797
1,2,281,0.140250007,0.038922444,0.003866026,0.003981564,877.8200073,0.470113128
1,2,282,0.140750007,0.038314983,0.003990299,0.004212829,800.1699829,0.457876116
1,2,283,0.141250007,0.0403983,0.003913857,0.004548055,728.8399658,0.458108634
1,2,284,0.141750007,0.041858308,0.003918926,0.004734279,703.8200073,0.427598149
1,2,285,0.142250007,0.042902257,0.003855277,0.005289689,645.8399658,0.428782046
1,2,286,0.142750007,0.040431473,0.003918341,0.005183006,604.3200073,0.446642816
1,2,287,0.143250007,0.041786201,0.003944897,0.00521069,563.3499756,0.431837678
1,2,288,0.143750007,0.042374533,0.00401442,0.005552384,500.2999878,0.422957003
1,2,289,0.144250007,0.040735472,0.003999591,0.005815378,457.7200012,0.423065752
1,2,290,0.144750007,0.039282784,0.003916032,0.020401686,446.3499756,0.623825967
1,2,291,0.145250007,0.036503278,0.003919071,0.005596022,415.1499939,0.465763718
1,2,292,0.145750007,0.038275085,0.003958279,0.006083397,381.7399902,0.471758574
1,2,293,0.146250007,0.044132017,0.003862564,0.036061797,350.5599976,0.695424795
1,2,294,0.146750007,0.041534029,0.003972166,0.037113816,326,0.682472825
1,2,295,0.147250007,0.041679662,0.003899232,0.029806241,303.8500061,0.497621656
1,2,296,0.147750007,0.041273207,0.003988182,0.0317575,280.1999817,0.496440947
1,2,297,0.148250007,0.03976905,0.004034641,0.035222191,268.2999878,0.544269145
1,2,298,0.148750007,0.047111925,0.003897661,0.034865156,257.6199951,0.491914809
1,2,299,0.149250007,0.052019194,0.00392795,0.038225725,232.8999939,0.484472275
1,2,300,0.149750007,0.049801484,0.004006675,0.052698534,208.6199951,0.636320889
1,2,301,0.150250007,0.043242607,0.003855787,0.048837263,183.7899933,0.488960981
1,2,302,0.150750007,0.044047818,0.003887096,0.054942329,162.3300018,0.492488623
1,2,303,0.151250007,0.04622937,0.003953732,0.063747279,138.5699921,0.488829851
1,2,304,0.151750007,0.056529529,0.003774034,0.071540751,125.3099976,0.485356897
1,2,305,0.152250007,0.040689495,0.003873499,0.014484579,108.6499939,0.391798705
1,2,306,0.152750007,0.043875285,0.004038791,0.014873346,100.0699997,0.371572554
1,2,307,0.153250007,0.047309935,0.003854879,0.015202506,92.63999939,0.32624656
1,2,308,0.153750007,0.055595059,0.003913418,0.01891833,80.98999786,0.281754196
1,2,309,0.154250007,0.044835262,0.003520302,0.017955121,77.81999969,0.345070511
1,2,310,0.154750007,0.043759897,0.003892634,0.017513162,72.54000092,0.358592898
1,2,311,0.155250007,0.044596698,0.003752011,0.02054685,62.25999832,0.36125958
1,2,312,0.155750007,0.042587537,0.003754787,0.019389942,56.93999863,0.312392294
1,2,313,0.156250007,0.040624384,0.003575941,0.020834941,47.71999741,0.258432716
1,2,314,0.156750007,0.044500541,0.003470481,0.022347001,42.75999832,0.265751183
1,2,315,0.157250008,0.054750577,0.003835696,0.261318207,37.93000031,0.494941264
1,2,316,0.157750008,0.060673781,0.003666344,0.313275099,32.47999954,0.493538767
1,2,317,0.158250008,0.065226026,0.003464913,0.36016494,29.01999855,0.490398377
1,2,318,0.158750008,0.067156248,0.003389712,0.363272607,29.03999901,0.489390343
1,2,319,0.159250008,0.068627268,0.003413428,0.425067216,25.01999855,0.491637051
1,2,320,0.159750008,0.083143622,0.003255811,0.57142067,19.32999992,0.488235533
1,2,321,0.160250008,0.085377745,0.003345201,0.560416997,19.47999954,0.489336073
1,2,322,0.160750008,0.080271311,0.003200363,0.590687215,18.96999931,0.488031268
1,2,323,0.161250008,0.085967787,0.00314875,0.654399157,17.34000015,0.487993062
1,2,324,0.161750008,0.089126639,0.003037726,0.721268892,16.02999878,0.487315804
1,2,325,0.162250008,0.125932545,0.003056454,0.795594156,13.42000008,0.447050095
1,2,326,0.162750008,0.140416279,0.002710829,1.03821528,10.59999943,0.424368411
1,2,327,0.163250008,0.157613501,0.002189185,1.018865705,11.27999973,0.399654716
1,2,328,0.163750008,0.151940137,0.002211305,1.392837882,8.569999695,0.399687678
1,2,329,0.164250008,0.149932072,0.001985607,1.748801708,7.4199996,0.399566025
1,2,330,0.164750008,0.127377391,0.001960625,2.410336018,6.099999905,0.424849689
1,2,331,0.165250008,0.15018861,0.001898517,2.817486286,5.239999771,0.40022096
1,2,332,0.165750008,0.139553532,0.001480987,1.716366887,4.809999943,0.399708003
1,2,333,0.166250008,0.02803348,0.00170428,0.044513036,5.190000057,0.05582286
1,2,334,0.166750008,0.029455854,0.001677912,0.042022914,4.679999828,-0.039445873
1,2,335,0.167250008,0.025251279,0.001772203,0.057883401,4.139999867,0.053274103
1,2,336,0.167750008,0.023495168,0.00161877,0.06088626,4.150000095,0.071175866
1,2,337,0.168250008,0.020051984,0.001398453,0.071405441,3.759999991,0.113444418
1,2,338,0.168750008,0.015067157,0.00104562,0.079551332,3.470000029,0.302290142
1,2,339,0.169250008,0.011636395,0.001023836,-999,1.449999929,0.403181464
1,2,340,0.169750008,0.010776502,0.000741624,-999,1.329999924,0.409820437
1,2,341,0.170250008,0.009056689,0.000777433,-999,1.25,0.560449302
1,2,342,0.170750008,0.008010514,0.000815342,-999,1.379999995,0.616302908
1,2,343,0.171250008,0.00818961,0.000854892,-999,1.199999929,0.606813908
1,2,344,0.171750008,0.007486387,0.000722351,-999,1.039999962,0.595537841
1,2,345,0.172250008,0.005504689,0.000554797,-999,1.120000005,0.393035919
1,2,346,0.172750008,0.00519984,0.000600144,0.170103684,0.839999974,-0.202996105
1,2,347,0.173250008,0.005277879,0.000612866,0.092216469,1.110000014,-0.20300287
1,2,348,0.173750008,0.012414442,0.000592912,-999,1.279999971,0.14178744
1,2,349,0.174250008,0.011011464,0.000480307,-999,1.079999924,0.161544755
1,3,1,0.00025,3051.013428,0.003233107,582.3818359,179.5399933,0.066601813
1,3,2,0.00075,2513.425049,0.003233107,324.5332947,319.6300049,0.134512559
1,3,3,0.00125,2070.877686,0.003233107,297.1731262,346.9799805,0.218193933
1,3,4,0.00175,2218.639893,0.003233107,319.5013428,384.5,0.35739696
1,3,5,0.00225,2051.561035,0.003233107,282.2073364,409.1900024,0.388154924
1,3,6,0.00275,1839.298706,0.003233107,303.1230774,436.7999878,0.419016153
1,3,7,0.00325,1887.684692,0.003233107,286.9448547,500.3599854,0.493675292
1,3,8,0.00375,1948.746826,0.003233107,282.3421936,549.7999878,0.525592327
1,3,9,0.00425,2052.178711,0.003233107,427.6173096,578.2000122,0.658323646
1,3,10,0.00475,1684.12561,0.003233107,275.6656494,636.2099609,0.606213629
1,3,11,0.00525,1625.495239,0.003233107,276.6809998,777.5799561,0.708981693
1,3,12,0.00575,1452.641357,0.003233107,222.4498291,905.7099609,0.721178472
1,3,13,0.00625,1162.2229,0.003233107,179.6830902,957.0099487,0.697715759
1,3,14,0.00675,1214.983765,0.003233107,202.9117889,1240.329956,0.797758222
1,3,15,0.00725,1462.05188,0.003233107,541.1199951,1278.459961,0.880333901
1,3,16,0.00775,1875.533203,0.003233107,3970.987549,1475.76001,0.005640876
1,3,17,0.00825,1080.038696,0.003233107,208.4373779,1376.599976,0.858533561
1,3,18,0.00875,2260.378906,0.003233107,2026.321411,1528.939941,0.961304605
1,3,19,0.00925,812.7428589,0.003233107,187.1656342,1519.539917,0.876628459
1,3,20,0.009750001,797.3843384,0.003233107,130.1814117,1637.73999,0.862466276
1,3,21,0.010250001,835.7992554,0.003233107,224.5829468,1440.029907,0.913613856
1,3,22,0.010750001,1079.681274,0.003233107,554.5485229,1276.369995,0.937942326
1,3,23,0.011250001,741.8879395,0.003233107,178.8626709,1206.390015,0.811792076
1,3,24,0.011750001,760.3708496,0.003233107,237.7371826,1100.089966,0.910964489
1,3,25,0.012250001,670.3190308,0.003233107,1390.388306,1405.76001,0.921510518
1,3,26,0.012750001,618.9871826,0.003233107,128.1367493,1238.429932,0.598402143
1,3,27,0.013250001,619.7166748,0.003233107,136.2883453,1212.949951,0.858450651
1,3,28,0.013750001,945.041687,0.003233107,1265.674683,1268.659912,0.957954407
1,3,29,0.014250001,647.5634766,0.003233107,151.8317413,1121.709961,0.854991674
1,3,30,0.014750001,449.3600159,0.003233107,123.2454529,1240.359985,0.905530274
1,3,31,0.015250001,563.4916382,0.003233107,512.1762085,1094,0.957766712
1,3,32,0.015750001,562.6064453,0.003233107,129.5736847,1270.189941,0.872121751
1,3,33,0.016250001,632.4877319,0.003233107,146.3205414,1197.069946,0.788437307
1,3,34,0.016750001,537.1031494,0.003233107,142.1955109,1187.289917,0.871036828
1,3,35,0.017250001,445.5330811,0.003233107,97.76480865,1220.589966,0.783047259
1,3,36,0.017750001,584.0185547,0.003233107,138.8793945,1287.539917,0.820411444
1,3,37,0.018250001,530.548584,0.003233107,113.4765015,1363.359985,0.818595648
1,3,38,0.018750001,612.1514282,0.003233107,182.1664581,1333.849976,0.920218289
1,3,39,0.019250001,647.6598511,0.003233107,158.1559906,1269.339966,0.893809199
1,3,40,0.019750001,786.8363037,0.003233107,469.5955505,1202.01001,0.94793123
1,3,41,0.020250001,560.0976563,0.003233107,261.8898315,1351.689941,0.93397218
1,3,42,0.020750001,532.2824707,0.003233107,212.9091797,1330.02002,0.930836737
1,3,43,0.021250001,828.0441895,0.003233107,540.5483398,1225.47998,0.966981769
1,3,44,0.021750001,624.3193359,0.003233107,136.1253204,1183.949951,0.897762299
1,3,45,0.022250001,663.7957764,0.003233107,246.5688171,1275.02002,0.891595602
1,3,46,0.022750001,521.5671387,0.003233107,139.1027985,1207.630005,0.8779127
1,3,47,0.023250001,499.9928284,0.003233107,168.7725525,1323.659912,0.826226473
1,3,48,0.023750001,428.5388489,0.003233107,192.0152588,1257.73999,0.927726507
1,3,49,0.024250001,615.0776367,0.003233107,180.3821564,1338.159912,0.936012209
1,3,50,0.024750001,834.5039063,0.003233107,510.9425354,1412.959961,0.958351553
1,3,51,0.025250001,654.8656006,0.003233107,176.1843109,1572.039917,0.938611209
1,3,52,0.025750001,684.3511353,0.003233107,133.5482941,1565.949951,0.905819655
1,3,53,0.026250001,708.6619873,0.003233107,205.5849915,1502.039917,0.903132975
1,3,54,0.026750001,522.7414551,0.003233107,258.404541,1465.089966,0.926519752
1,3,55,0.027250001,563.3779907,0.003233107,175.6570587,1208.169922,0.918202996
1,3,56,0.027750001,1159.370361,0.003233107,1652.004272,1485.029907,0.975085199
1,3,57,0.028250001,513.7067871,0.003233107,124.3895569,1254.909912,0.924248278
1,3,58,0.028750001,744.2894287,0.003233107,275.4936218,1542.439941,0.890471518
1,3,59,0.029250001,473.5792847,0.003233107,121.1685486,1300.52002,0.927559137
1,3,60,0.029750001,483.8051758,0.003233107,304.6929321,1146.339966,0.920364857
1,3,61,0.030250001,407.1743164,0.003233107,124.4495239,1458.539917,0.825312138
1,3,62,0.030750002,530.1771851,0.003233107,143.7059174,1312.099976,0.905530274
1,3,63,0.031250002,558.9483643,0.003233107,197.1621552,1237.780029,0.937604308
1,3,64,0.031750002,621.3651123,0.003200776,130.0772858,1298.27002,0.918651044
1,3,65,0.032250002,513.588562,0.003200776,150.8621826,1551.049927,0.911631882
1,3,66,0.032750002,570.9024658,0.003233107,195.0208282,1020.440002,0.920255661
1,3,67,0.033250002,450.0161743,0.003233107,120.7200928,1161.579956,0.939273775
1,3,68,0.033750002,545.3449707,0.003233107,86.62478638,1487.140015,0.442413926
1,3,69,0.034250002,727.2383423,0.003233107,580.3231201,915.6599731,0.972577214
1,3,70,0.034750002,536.541687,0.003233107,140.3872681,1103.189941,0.909344077
1,3,71,0.035250002,537.5663452,0.003233107,306.6143494,1219.47998,0.956644416
1,3,72,0.035750002,644.9832153,0.003233107,199.4920197,1552.77002,0.907680035
1,3,73,0.036250002,402.0993958,0.003233107,136.5776978,1107.910034,0.927525878
1,3,74,0.036750002,451.0283813,0.003233107,100.3471146,931.7599487,0.918955267
1,3,75,0.037250002,616.8494873,0.003233107,776.6259155,1477.549927,0.972029328
1,3,76,0.037750002,525.0874634,0.003233107,94.02425385,1449.22998,0.786032379
1,3,77,0.038250002,649.2587891,0.003233107,259.8580627,1228.699951,0.956151485
1,3,78,0.038750002,473.3132019,0.003233107,105.7444839,1359.119995,0.922962606
1,3,79,0.039250002,368.8428345,0.003233107,72.62312317,1461.27002,0.854425609
1,3,80,0.039750002,797.2420044,0.003233107,400.0518188,1183.319946,0.95548439
1,3,81,0.040250002,681.8119507,0.003233107,603.4803467,1389.76001,0.97613889
1,3,82,0.040750002,494.0126038,0.003200776,423.561615,1125.299927,0.965633631
1,3,83,0.041250002,450.057373,0.003233107,333.4885864,896.2999878,0.968861342
1,3,84,0.041750002,612.0606689,0.003233107,123.1229324,1239.27002,0.815446615
1,3,85,0.042250002,521.7733154,0.003233107,153.2949371,1606.959961,0.934461236
1,3,86,0.042750002,828.154541,0.003233107,893.241272,1401.919922,0.983042061
1,3,87,0.043250002,487.5054932,0.003233107,121.8978195,1082.429932,0.826915443
1,3,88,0.043750002,724.3867188,0.003233107,593.1262817,1252.900024,0.956077218
1,3,89,0.044250002,587.0074463,0.003233107,472.7529602,1233.669922,0.92314136
1,3,90,0.044750002,541.6672974,0.003233107,226.9303894,1261.140015,0.959515989
1,3,91,0.045250002,598.9857788,0.003233107,359.3093567,1248.26001,0.971939027
1,3,92,0.045750002,725.7039185,0.003233107,207.61409,1271.76001,0.93220079
1,3,93,0.046250002,686.3287354,0.003233107,131.2908173,1399.849976,0.82985425
1,3,94,0.046750002,412.8646851,0.003200776,137.4975128,1235.199951,0.945762277
1,3,95,0.047250002,325.1615601,0.003233107,106.9870377,1224.819946,0.946428597
1,3,96,0.047750002,776.1937256,0.003233107,594.4660034,1614.179932,0.933788598
1,3,97,0.048250002,395.93573,0.003233107,117.1258545,1320.939941,0.931364894
1,3,98,0.048750002,524.5516357,0.003233107,141.815567,1052.630005,0.717122316
1,3,99,0.049250002,498.7028809,0.003233107,160.7910614,1333.02002,0.937679529
1,3,100,0.049750002,396.7412415,0.003233107,84.04718018,1084.959961,0.878578007
1,3,101,0.050250002,536.4050903,0.003233107,197.048996,1076.619995,0.932925224
1,3,102,0.050750002,653.520874,0.003233107,153.8682709,1194.119995,0.915336669
1,3,103,0.051250002,480.9114685,0.003233107,110.1018448,1457.079956,0.911288798
1,3,104,0.051750003,624.5884399,0.003200776,287.1190796,1207.189941,0.949422538
1,3,105,0.052250003,429.5478516,0.003233107,211.0801697,1460.369995,0.962757528
1,3,106,0.052750003,617.2858276,0.003233107,221.1328583,1178.949951,0.931926191
1,3,107,0.053250003,673.4768066,0.003233107,536.1633911,1338.949951,0.95339179
1,3,108,0.053750003,576.211731,0.003233107,351.8684387,1420.329956,0.97212702
1,3,109,0.054250003,343.3059692,0.003233107,115.1663895,1486.119995,0.867258549
1,3,110,0.054750003,664.5075684,0.003233107,94.28620148,1421.549927,0.724763513
1,3,111,0.055250003,586.2908936,0.003233107,135.5874634,1389.030029,0.921730995
1,3,112,0.055750003,503.0149536,0.003233107,129.7966919,1243.579956,0.878704488
1,3,113,0.056250003,880.609436,0.003233107,4828.967773,1332.51001,0.989664316
1,3,114,0.056750003,516.5019531,0.003233107,91.31760406,1400.869995,0.887494922
1,3,115,0.057250003,1047.557373,0.003233107,405.2062378,1322.630005,0.903542876
1,3,116,0.057750003,776.0637817,0.003233107,641.3994141,1387.699951,0.953643322
1,3,117,0.058250003,512.8026733,0.003233107,171.2842102,1143.5,0.844366014
1,3,118,0.058750003,524.2964478,0.003233107,286.6324158,1440.27002,0.955018997
1,3,119,0.059250003,508.6937866,0.003233107,151.0140686,1423.709961,0.910560608
1,3,120,0.059750003,383.5429688,0.003233107,119.9111328,1078.809937,0.933155179
1,3,121,0.060250003,561.2544556,0.003233107,224.8246765,1086.280029,0.928491116
1,3,122,0.060750003,422.0620728,0.003233107,102.6871567,1256.030029,0.899891913
1,3,123,0.061250003,403.5247192,0.003233107,154.1779327,1578.97998,0.942050815
1,3,124,0.061750003,428.9666443,0.003233107,124.2865143,1313.26001,0.907070935
1,3,125,0.062250003,680.1936035,0.003233107,114.6825256,1506.279907,0.81476444
1,3,126,0.062750003,521.2640381,0.003233107,93.95404816,1204.929932,0.741635025
1,3,127,0.063250003,656.6357422,0.003233107,331.812439,1471.439941,0.967287362
1,3,128,0.063750003,433.4057617,0.003233107,73.64149475,1228.780029,0.865309835
1,3,129,0.064250003,472.8218994,0.003233107,139.430954,1405.319946,0.914194286
1,3,130,0.064750003,509.4228516,0.003233107,103.2075729,1338.630005,0.892671943
1,3,131,0.065250003,1206.957275,0.003233107,3429.256836,1163.709961,0.978479385
1,3,132,0.065750003,507.2929993,0.003233107,220.1902466,1356.640015,0.947249174
1,3,133,0.066250003,333.5551758,0.003233107,81.21601105,1330.859985,0.879803419
1,3,134,0.066750003,601.4509888,0.003233107,482.1982117,1314.599976,0.966944575
1,3,135,0.067250003,452.6676331,0.003233107,137.1590424,1263.209961,0.919682086
1,3,136,0.067750003,713.8279419,0.003233107,202.5515442,1459.47998,0.890877485
1,3,137,0.068250003,511.8573303,0.003233107,255.2126007,1432.27002,0.92245388
1,3,138,0.068750003,484.04422,0.003233107,167.0914612,1245.349976,0.821687937
1,3,139,0.069250003,456.234436,0.003233107,179.9235992,1086.179932,0.920318127
1,3,140,0.069750003,711.0139771,0.003233107,524.8500366,1665.119995,0.929561317
1,3,141,0.070250003,410.50354,0.003233107,56.88933945,1404.799927,0.619303703
1,3,142,0.070750003,490.7462769,0.003233107,92.64313507,1429.72998,0.816160142
1,3,143,0.071250003,491.552887,0.003233107,79.8910675,1437.390015,0.750864208
1,3,144,0.071750003,675.7469482,0.003233107,399.4592896,1352.909912,0.921878278
1,3,145,0.072250003,472.4028015,0.003233107,113.5793915,1263.77002,0.893746018
1,3,146,0.072750004,567.2753906,0.003233107,279.5668335,1351.159912,0.909646928
1,3,147,0.073250004,409.2083435,0.003233107,133.2371521,1461.209961,0.937544942
1,3,148,0.073750004,552.0050049,0.003233107,175.099411,1324.900024,0.921795547
1,3,149,0.074250004,446.8411865,0.003233107,126.1781006,1246.549927,0.847834885
1,3,150,0.074750004,386.7906189,0.003233107,202.4716797,1304.789917,0.940223634
1,3,151,0.075250004,481.0113525,0.003233107,214.6241913,1320.199951,0.832423687
1,3,152,0.075750004,451.0248413,0.003233107,105.7588425,1279.73999,0.870363951
1,3,153,0.076250004,442.3115845,0.003233107,164.7715912,1393.969971,0.917180836
1,3,154,0.076750004,412.6711121,0.003233107,127.6290588,1268.98999,0.77336973
1,3,155,0.077250004,486.6634521,0.003233107,142.5257568,1431.73999,0.921499848
1,3,156,0.077750004,421.8999939,0.003233107,184.5078888,1349.109985,0.912346244
1,3,157,0.078250004,530.1452637,0.003233107,203.5137787,1349.559937,0.872497737
1,3,158,0.078750004,502.8562927,0.003233107,79.16850281,1366.559937,0.752041042
1,3,159,0.079250004,496.2929993,0.003233107,187.395752,1321.539917,0.552244365
1,3,160,0.079750004,502.2429504,0.003233107,799.1138916,1383.449951,0.924356818
1,3,161,0.080250004,563.7383423,0.003233107,132.1500092,1505.5,0.812923908
1,3,162,0.080750004,452.3618164,0.003233107,124.3544083,1417.799927,0.907483399
1,3,163,0.081250004,617.2453613,0.003233107,136.4724579,1425.349976,0.818060756
1,3,164,0.081750004,501.4816284,0.003233107,119.9396057,1367.929932,0.836681068
1,3,165,0.082250004,515.0690308,0.003233107,115.7667313,1456.339966,0.864254355
1,3,166,0.082750004,444.9287109,0.003233107,99.93096161,1307.219971,0.876715064
1,3,167,0.083250004,532.6213379,0.003233107,147.7783813,1538.359985,0.886684179
1,3,168,0.083750004,469.8792725,0.003233107,92.91438293,1455.309937,0.878276825
1,3,169,0.084250004,518.7299194,0.003233107,157.9858246,1485.409912,0.918046057
1,3,170,0.084750004,453.1298218,0.003233107,114.3348999,1344.569946,0.802076101
1,3,171,0.085250004,499.6190491,0.003233107,161.5006561,1447.069946,0.900328577
1,3,172,0.085750004,415.6016235,0.003233107,86.07346344,1230.789917,0.82331264
1,3,173,0.086250004,459.1587524,0.003233107,100.5031815,1286.049927,0.864108622
1,3,174,0.086750004,484.9463501,0.003233107,75.04626465,1510.48999,0.818444908
1,3,175,0.087250004,455.3466797,0.003233107,114.3585739,1379.650024,0.873927236
1,3,176,0.087750004,512.371582,0.003233107,171.1172638,1424.789917,0.930228412
1,3,177,0.088250004,495.3703308,0.003233107,107.0093536,1534.069946,0.886006832
1,3,178,0.088750004,540.8381348,0.003233107,253.1818085,1401.559937,0.940970659
1,3,179,0.089250004,444.3425293,0.003233107,87.94330597,1299.699951,0.847052276
1,3,180,0.089750004,504.4039612,0.003233107,101.6392212,1570.809937,0.897184193
1,3,181,0.090250004,475.4168701,0.003233107,106.7195969,1360.199951,0.825532258
1,3,182,0.090750004,511.9261169,0.003233107,111.2993546,1384.849976,0.884275913
1,3,183,0.091250004,504.1809387,0.003233107,114.2417831,1325.709961,0.873784185
1,3,184,0.091750004,428.1047668,0.003233107,84.92882538,1459.199951,0.864318192
1,3,185,0.092250004,577.5469971,0.003233107,156.703186,1360.709961,0.840694547
1,3,186,0.092750004,632.0747681,0.003233107,137.0797119,1480.969971,0.585088491
1,3,187,0.093250004,557.2736816,0.003233107,474.1739807,1396.02002,0.954165578
1,3,188,0.093750005,490.3493347,0.003233107,118.6867371,1350.049927,0.871306539
1,3,189,0.094250005,474.2539063,0.003233107,106.0216446,1412.059937,0.874932587
1,3,190,0.094750005,490.7232971,0.003233107,90.32070923,1444.029907,0.848837555
1,3,191,0.095250005,510.8693237,0.003233107,88.45921326,1419.959961,0.854936302
1,3,192,0.095750005,466.440155,0.003233107,140.6764069,1439.119995,0.888547123
1,3,193,0.096250005,486.2349243,0.003233107,101.4733887,1422.679932,0.881098747
1,3,194,0.096750005,513.125,0.003233107,75.59236908,1546.51001,0.854520023
1,3,195,0.097250005,561.0371094,0.003233107,113.144989,1395.890015,0.8680861
1,3,196,0.097750005,478.9116211,0.003233107,101.9425125,1383,0.874924243
1,3,197,0.098250005,517.8001099,0.003233107,86.46255493,1390.309937,0.82781738
1,3,198,0.098750005,488.7156067,0.003233107,84.88226318,1436.150024,0.855304778
1,3,199,0.099250005,457.0629578,0.003233107,76.89838409,1453.400024,0.848249733
1,3,200,0.099750005,499.8408203,0.003233107,91.14575958,1403.650024,0.732364535
1,3,201,0.100250005,481.4983215,0.003233107,76.91452789,1446.02002,0.832134426
1,3,202,0.100750005,462.9172058,0.003233107,78.2159729,1434.339966,0.843050778
1,3,203,0.101250005,549.8076782,0.003233107,144.8151703,1424.5,0.891700268
1,3,204,0.101750005,521.0266113,0.003233107,108.2493973,1436.390015,0.88320148
1,3,205,0.102250005,523.4299316,0.003233107,122.8653336,1398.280029,0.874499917
1,3,206,0.102750005,525.0970459,0.003233107,116.1578674,1391.459961,0.874606431
1,3,207,0.103250005,539.4232788,0.003233107,87.7460556,1457.599976,0.814807892
1,3,208,0.103750005,490.4967041,0.003233107,77.14866638,1477.539917,0.836080313
1,3,209,0.104250005,582.7319946,0.003233107,98.47795868,1528.380005,0.84731549
1,3,210,0.104750005,579.9154053,0.003233107,124.1476974,1404.569946,0.884571493
1,3,211,0.105250005,539.5523071,0.003233107,85.83436584,1488.099976,0.831665635
1,3,212,0.105750005,529.7666016,0.003233107,80.37390137,1460.569946,0.816584885
1,3,213,0.106250005,571.4202881,0.003233107,102.1429596,1452.329956,0.865799487
1,3,214,0.106750005,475.7923279,0.003233107,87.17657471,1412.819946,0.846601486
1,3,215,0.107250005,549.2919312,0.003233107,104.7791748,1420.449951,0.871112585
1,3,216,0.107750005,549.4359131,0.003233107,91.59461975,1410.429932,0.83912456
1,3,217,0.108250005,524.0302734,0.003233107,91.47527313,1402.469971,0.832351327
1,3,218,0.108750005,532.097229,0.003233107,88.24098969,1352.049927,0.841378689
1,3,219,0.109250005,602.2354736,0.003233107,171.8400116,1435.459961,0.893159032
1,3,220,0.109750005,609.6238403,0.003233107,97.28099823,1402.880005,0.750258267
1,3,221,0.110250005,541.1292114,0.003233107,87.62006378,1386.559937,0.819271565
1,3,222,0.110750005,688.7713623,0.003233107,860.3077393,1282.549927,0.887020588
1,3,223,0.111250005,539.3781128,0.003233107,87.64408112,1323.5,0.832955599
1,3,224,0.111750005,577.8328247,0.003233107,92.28037262,1308.390015,0.767687559
1,3,225,0.112250005,656.8409424,0.003233107,223.610672,1280.789917,0.742056251
1,3,226,0.112750005,618.0408936,0.003233107,179.9450989,1318.559937,0.826458156
1,3,227,0.113250005,585.9207153,0.003233107,96.35623932,1293.429932,0.84863174
1,3,228,0.113750005,651.8392944,0.003233107,148.1203918,1257.77002,0.883764327
1,3,229,0.114250005,605.2979126,0.003233107,108.4292831,1239.280029,0.811700046
1,3,230,0.114750006,599.9173584,0.003233107,119.6310577,1273.469971,0.870098651
1,3,231,0.115250006,611.9414673,0.003233107,91.41639709,1233.409912,0.802247822
1,3,232,0.115750006,640.5585938,0.003233107,125.4600449,1196.77002,0.874103069
1,3,233,0.116250006,715.3547363,0.003233107,403.3413391,1095.52002,0.841782987
1,3,234,0.116750006,643.6483154,0.003233107,121.1858673,1174.73999,0.860098124
1,3,235,0.117250006,673.2828979,0.003233107,222.3824768,1090.589966,0.903547108
1,3,236,0.117750006,648.6749268,0.003233107,129.9789429,1077.910034,0.875999272
1,3,237,0.118250006,691.8783569,0.003233107,260.8383179,1019.299988,0.895245612
1,3,238,0.118750006,681.8371582,0.003233107,131.8608856,1051.410034,0.795143426
1,3,239,0.119250006,810.3742065,0.003233107,393.9988098,1016.289978,0.946591318
1,3,240,0.119750006,579.5263672,0.003233107,110.8546677,974.2399902,0.861605048
1,3,241,0.120250006,703.960083,0.003233107,187.3487091,906.25,0.853669167
1,3,242,0.120750006,680.3583374,0.003233107,155.7257385,885.9599609,0.865317702
1,3,243,0.121250006,630.8384399,0.003233107,128.3203888,866.9899902,0.858792603
1,3,244,0.121750006,632.3846436,0.003233107,150.5540466,830.1599731,0.84423238
1,3,245,0.122250006,687.0388794,0.003233107,433.5832825,789.1099854,0.766338229
1,3,246,0.122750006,586.4172974,0.003233107,156.4769287,728.3999634,0.874064982
1,3,247,0.123250006,724.7227173,0.003233107,210.2960968,763.289978,0.889738262
1,3,248,0.123750006,573.8013916,0.003233107,127.3658676,705.3599854,0.848648071
1,3,249,0.124250006,900.276001,0.003233107,560.0900879,673.4899902,0.887082398
1,3,250,0.124750006,687.8040771,0.003233107,162.3828125,635.2600098,0.824587703
1,3,251,0.125250006,656.7670898,0.003233107,194.6226196,608,0.877120972
1,3,252,0.125750006,785.6610107,0.003233107,263.2441711,574,0.854989946
1,3,253,0.126250006,716.4261475,0.003233107,188.7277832,580.2299805,0.819060326
1,3,254,0.126750006,895.2246704,0.003233107,360.2686462,534.8599854,0.890780568
1,3,255,0.127250006,723.6716309,0.003233107,208.5340271,489.1799927,0.674448729
1,3,256,0.127750006,727.8709106,0.003233107,307.2176208,492.0499878,0.873848736
1,3,257,0.128250006,847.5692139,0.003233107,446.4013672,446.6499939,0.676931143
1,3,258,0.128750006,729.0262451,0.003233107,202.3653412,395.019989,0.838988721
1,3,259,0.129250006,916.0255127,0.003233107,1810.996338,399.2599792,0.732618213
1,3,260,0.129750006,905.2539673,0.003233107,3746.098877,379.8999939,0.798645914
1,3,261,0.130250006,918.6615601,0.003233107,897.8842163,344.3699951,0.894626856
1,3,262,0.130750006,665.4213867,0.003233107,259.450531,333.6699829,0.875843465
1,3,263,0.131250006,735.9885254,0.003233107,466.8147888,312.7299805,0.895050228
1,3,264,0.131750006,720.7568359,0.003233107,228.5929565,293.8299866,0.829634786
1,3,265,0.132250006,699.2160645,0.003233107,347.709259,287.9100037,0.872376859
1,3,266,0.132750006,717.8712158,0.003233107,274.7369385,263.7099915,0.857538462
1,3,267,0.133250006,688.9748535,0.003233107,429.2063293,231.25,0.700073302
1,3,268,0.133750006,631.7468872,0.003233107,246.2883911,233.3499908,0.843166351
1,3,269,0.134250006,691.9223022,0.003233107,268.3535461,201.1900024,0.811666668
1,3,270,0.134750006,850.9715576,0.003200776,378.5023499,195.1399994,0.85564965
1,3,271,0.135250006,854.826416,0.003233107,385.2352905,179.6699982,0.856036305
1,3,272,0.135750006,847.8041382,0.003233107,393.0761719,168.8799896,0.766172588
1,3,273,0.136250007,715.0361328,0.003233107,394.3650818,145.4799957,0.878084242
1,3,274,0.136750007,787.5197754,0.003233107,592.1561279,135.4599915,0.900050998
1,3,275,0.137250007,684.6390381,0.003233107,344.174469,124.6999969,0.824836373
1,3,276,0.137750007,711.8552246,0.003233107,402.694519,123.9799957,0.783997774
1,3,277,0.138250007,1454.640381,0.003200776,2280.36499,95.51999664,0.867563784
1,3,278,0.138750007,1252.541748,0.003233107,2815.872559,112.7999954,0.609494865
1,3,279,0.139250007,768.0083618,0.003200776,763.067688,97.54000092,0.815558851
1,3,280,0.139750007,795.472168,0.003233107,391.008728,92.97000122,0.630166113
1,3,281,0.140250007,725.6588745,0.003200776,421.0236511,71.26999664,0.803703308
1,3,282,0.140750007,1999.073853,0.003168445,17802.26172,80.45999908,0.946582794
1,3,283,0.141250007,1271.782837,0.003200776,706.1975708,71.61999512,0.772611082
1,3,284,0.141750007,555.0042725,0.003233107,211.2343597,60.97999954,0.640356422
1,3,285,0.142250007,1086.174561,0.003233107,955.8217773,51.46999741,0.875291884
1,3,286,0.142750007,890.3886719,0.003103783,1388.324463,51.20999908,0.834369898
1,3,287,0.143250007,873.2940674,0.003103783,1645.0177,40.43999863,0.883942127
1,3,288,0.143750007,1092.927734,0.003200776,4854.898926,50.39999771,0.931657732
1,3,289,0.144250007,659.1801147,0.003168445,660.803894,37.21999741,0.833495855
1,3,290,0.144750007,644.7565308,0.003136114,365.1690979,41.54999924,0.747858405
1,3,291,0.145250007,1233.387695,0.003136114,1195.797852,32.46999741,0.682601571
1,3,292,0.145750007,590.5169678,0.002909796,1017.43103,31.95999908,0.85843426
1,3,293,0.146250007,1050.450684,0.002942127,2874.276123,23.07999992,0.764694512
1,3,294,0.146750007,807.3752441,0.002909796,7827.090332,23.6099987,0.876685143
1,3,295,0.147250007,2940.183105,0.00300679,4167.962891,21.11999893,0.712798417
1,3,296,0.147750007,907.2044067,0.002812803,894.9342041,21.18999863,0.744066179
1,3,297,0.148250007,780.4904785,0.002489492,519.7642212,13.47999954,0.389992863
1,3,298,0.148750007,2588.137207,0.002780472,2889.304199,16.21999931,0.632905543
1,3,299,0.149250007,805.1194458,0.002812803,998.4835205,19.32999992,0.800011039
1,3,300,0.149750007,2701.073975,0.002489492,39776.72266,10.32999992,0.793954849
1,3,301,0.150250007,12397.62891,0.00242483,329.6352234,9.880000114,0.367964387
1,3,302,0.150750007,510.8808899,0.002263175,987.9943848,9.960000038,0.727046728
1,3,303,0.151250007,1046.35498,0.002392499,882.8771973,13.78999996,0.785554707
1,3,304,0.151750007,749.3491821,0.002101519,272.3058472,11.05000019,0.340530396
1,3,305,0.152250007,1194.212158,0.001778209,10140.20313,7.029999733,0.44950822
1,3,306,0.152750007,856.5875854,0.00181054,408.8010559,6.629999638,0.541238785
1,3,307,0.153250007,534.8881226,0.001972195,321.6560059,5.299999714,0.026154293
1,3,308,0.153750007,359.3171387,0.001648885,-999,5.539999962,0.748682559
1,3,309,0.154250007,760.2561646,0.001584222,1632.712891,5.059999943,0.562259316
1,3,310,0.154750007,1677.607422,0.001422567,-999,5,0.725761235
1,3,311,0.155250007,1894.989136,0.00181054,-999,4.309999943,0.79721725
1,3,312,0.155750007,1765.411499,0.001487229,400.0811462,4.239999771,0.021720793
1,3,313,0.156250007,438.3497925,0.001163919,796.4508057,3.929999828,0.457454592
1,3,314,0.156750007,775.3895874,0.000969932,-999,2.889999867,0.740159035
1,3,315,0.157250008,360.5157776,0.000840608,-999,1.679999948,0.500313163
1,3,316,0.157750008,322.0668945,0.000969932,327.3539734,2,0.322148114
1,3,317,0.158250008,7270.184082,0.001066925,3320.445313,3.919999838,0.568656802
1,3,318,0.158750008,228.045929,0.000743615,-999,1.74000001,0.570718348
1,3,319,0.159250008,65.20821381,0.000517297,-999,0.769999981,-0.022363085
1,3,320,0.159750008,271.4966431,0.000775946,-999,2.759999991,0.793485284
1,3,321,0.160250008,243.7564545,0.00061429,-999,1.539999962,0.597375929
1,3,322,0.160750008,1099.390259,0.000452635,31.16301537,1.379999995,-0.081887007
1,3,323,0.161250008,188.08284,0.000452635,-999,0.779999971,-0.092334993
1,3,324,0.161750008,110.2815475,0.000355642,-999,0.429999977,0.313832879
1,3,325,0.162250008,36.01197815,0.000193986,-999,0.389999986,0.372227907
1,3,326,0.162750008,103.5000763,0.00029098,-999,0.310000002,-0.119350739
1,4,1,0.00025,2654.017334,0.003249074,477.5007629,185.0599976,0.07127668
1,4,2,0.00075,2474.801758,0.003249074,580.7796021,255.2999878,0.312418342
1,4,3,0.00125,1884.183228,0.003249074,332.9610901,259.7900085,0.288009673
1,4,4,0.00175,1975.16748,0.003249074,331.2408447,347.6300049,0.435046613
1,4,5,0.00225,1795.871216,0.003249074,275.9875488,438.8399963,0.471793115
1,4,6,0.00275,1729.80127,0.003249074,289.2293091,602.6199951,0.645694137
1,4,7,0.00325,1663.031006,0.003249074,393.1641235,736.2000122,0.218734652
1,4,8,0.00375,1499.434814,0.003249074,264.5002441,781.8200073,0.666970193
1,4,9,0.00425,1491.572754,0.003249074,208.4971313,933.0499878,0.711584985
1,4,10,0.00475,1415.809082,0.003249074,177.6249542,1052.160034,0.717887342
1,4,11,0.00525,1303.050537,0.003249074,186.9040527,1127.890015,0.749709547
1,4,12,0.00575,1372.824463,0.003249074,205.4967041,1295.119995,0.697883666
1,4,13,0.00625,1209.148315,0.003249074,200.7421112,1478.779907,0.830923438
1,4,14,0.00675,1197.183228,0.003249074,186.166275,1520.089966,0.8374089
1,4,15,0.00725,1046.303345,0.003249074,237.9710693,1494.329956,0.877012372
1,4,16,0.00775,846.4691772,0.003249074,136.2370758,1426.22998,0.831149817
1,4,17,0.00825,728.9554443,0.003249074,121.1651993,1628.369995,0.845054627
1,4,18,0.00875,805.1113892,0.003249074,143.2164917,1910.439941,0.872776747
1,4,19,0.00925,805.3290405,0.003249074,231.4909058,1666.779907,0.890339434
1,4,20,0.009750001,646.4677734,0.003249074,117.0266571,1415.089966,0.855997384
1,4,21,0.010250001,570.710022,0.003249074,84.53630066,1389.589966,0.824137151
1,4,22,0.010750001,521.2511597,0.003249074,141.3007965,1461.179932,0.877243638
1,4,23,0.011250001,464.8964233,0.003249074,118.5910873,1424.099976,0.902516544
1,4,24,0.011750001,629.27948,0.003249074,82.11180115,1449.880005,0.78575933
1,4,25,0.012250001,549.9349976,0.003249074,328.4618225,1714.469971,0.849244893
1,4,26,0.012750001,469.8605042,0.003249074,80.33789063,1623.669922,0.856189311
1,4,27,0.013250001,659.6195679,0.003249074,274.3435364,1441.209961,0.910572946
1,4,28,0.013750001,506.331543,0.003249074,84.91060638,1526.01001,0.837614596
1,4,29,0.014250001,465.5533142,0.003249074,120.684082,1361.51001,0.89077729
1,4,30,0.014750001,442.746521,0.003249074,96.27471161,1408.369995,0.867325902
1,4,31,0.015250001,465.1540527,0.003249074,153.5185242,1478.75,0.91483599
1,4,32,0.015750001,487.4359131,0.003249074,105.5598068,1440.709961,0.887159646
1,4,33,0.016250001,403.5812378,0.003249074,126.9084854,1344.469971,0.901920319
1,4,34,0.016750001,550.6538696,0.003249074,308.7913208,1446.809937,0.908784807
1,4,35,0.017250001,412.9345703,0.003249074,85.25033569,1321.329956,0.854804874
1,4,36,0.017750001,534.5505981,0.003249074,147.1895752,1369.669922,0.855171502
1,4,37,0.018250001,492.2493286,0.003249074,119.7855225,1238.159912,0.904787242
1,4,38,0.018750001,382.1707764,0.003249074,115.2522354,1090.189941,0.911078572
1,4,39,0.019250001,482.7615662,0.003249074,100.4476013,1174.539917,0.792164326
1,4,40,0.019750001,723.5458374,0.003249074,529.5775146,1483.579956,0.972600937
1,4,41,0.020250001,476.2425232,0.003249074,111.4789429,1167.699951,0.846788704
1,4,42,0.020750001,395.6993713,0.003249074,114.8457184,1261.359985,0.919827342
1,4,43,0.021250001,460.1941223,0.003249074,78.33065796,1609,0.885157049
1,4,44,0.021750001,498.1904297,0.003249074,92.3274231,1371.189941,0.866140485
1,4,45,0.022250001,426.5223389,0.003249074,116.556572,1131.890015,0.906127691
1,4,46,0.022750001,453.4866333,0.003249074,209.8228607,1345.47998,0.943936229
1,4,47,0.023250001,498.4484253,0.003249074,381.7134705,1423.089966,0.957978308
1,4,48,0.023750001,467.1936951,0.003249074,104.3941803,1375.939941,0.899600804
1,4,49,0.024250001,522.3986816,0.003249074,109.0667038,1124.569946,0.891262174
1,4,50,0.024750001,632.1380615,0.003249074,151.6292725,1222.98999,0.872519136
1,4,51,0.025250001,583.3460693,0.003249074,117.398735,1498.77002,0.89557904
1,4,52,0.025750001,843.6727905,0.003249074,208.2859497,1408.299927,0.906788588
1,4,53,0.026250001,461.7735901,0.003249074,72.33869934,1442.919922,0.858078659
1,4,54,0.026750001,589.6970825,0.003249074,351.7051697,1367.369995,0.971619785
1,4,55,0.027250001,516.7537231,0.003249074,117.4795227,1129.910034,0.889883161
1,4,56,0.027750001,332.9121094,0.003249074,87.56542206,1371.329956,0.92102778
1,4,57,0.028250001,456.6578674,0.003249074,119.6642151,1128.429932,0.933149397
1,4,58,0.028750001,575.8268433,0.003249074,136.6400757,1365.609985,0.913594663
1,4,59,0.029250001,679.9326172,0.003249074,262.2419434,1331.659912,0.933389604
1,4,60,0.029750001,464.2331543,0.003216583,123.5296478,1208.98999,0.914178014
1,4,61,0.030250001,321.9864502,0.003249074,142.9044342,1482.919922,0.964912832
1,4,62,0.030750002,539.0463257,0.003249074,130.9944763,1021.399963,0.929684818
1,4,63,0.031250002,514.1503906,0.003249074,512.9626465,1183.640015,0.893425047
1,4,64,0.031750002,376.8273315,0.003184093,95.96524048,1137.429932,0.886877537
1,4,65,0.032250002,649.9688721,0.003249074,235.7719574,1509.949951,0.91084832
1,4,66,0.032750002,1101.387451,0.003249074,463.8480835,1080.48999,0.9624089
1,4,67,0.033250002,425.3751221,0.003249074,117.5525208,993.2199707,0.925505817
1,4,68,0.033750002,613.1585693,0.003249074,121.1494141,1676.589966,0.914605975
1,4,69,0.034250002,523.1478271,0.003249074,174.4291077,1212.47998,0.929527342
1,4,70,0.034750002,433.1314392,0.003216583,52.85596848,1010.039978,0.456514657
1,4,71,0.035250002,368.5346375,0.003216583,86.52373505,1180.630005,0.833458185
1,4,72,0.035750002,349.5891418,0.003249074,111.1411438,1454.059937,0.92109412
1,4,73,0.036250002,419.8979187,0.003249074,301.850708,1041.189941,0.858121455
1,4,74,0.036750002,510.9819031,0.003249074,115.7845154,1276.109985,0.918530881
1,4,75,0.037250002,449.2250671,0.003249074,125.1246719,1463.75,0.84220922
1,4,76,0.037750002,403.1872864,0.003249074,862.6177368,1137.02002,0.971314788
1,4,77,0.038250002,405.5410156,0.003249074,83.69780731,1331.780029,0.917167187
1,4,78,0.038750002,447.4701843,0.003249074,130.1535187,1382.539917,0.909311116
1,4,79,0.039250002,347.2817078,0.003249074,164.9970093,1504.22998,0.925607026
1,4,80,0.039750002,518.6378174,0.003249074,78.54828644,947.3999634,0.8062675
1,4,81,0.040250002,389.9066467,0.003249074,80.35585022,1354.929932,0.86678797
1,4,82,0.040750002,337.701355,0.003249074,127.451889,955.3599854,0.935220182
1,4,83,0.041250002,795.6099243,0.003249074,119.7798615,1171.929932,0.924200058
1,4,84,0.041750002,444.131958,0.003249074,145.1769562,1231.98999,0.93366015
1,4,85,0.042250002,437.6575317,0.003249074,239.3842316,1483.01001,0.972562909
1,4,86,0.042750002,768.5941162,0.003249074,652.362915,1445.77002,0.955089033
1,4,87,0.043250002,558.2198486,0.003249074,214.0213013,1161.959961,0.91185832
1,4,88,0.043750002,323.7991638,0.003249074,90.0438385,1412.789917,0.924792588
1,4,89,0.044250002,417.2188721,0.003249074,141.4842224,1141.219971,0.929491937
1,4,90,0.044750002,311.775238,0.003249074,78.23600006,1113.619995,0.922757506
1,4,91,0.045250002,357.472229,0.003216583,108.3468781,1258.289917,0.914721251
1,4,92,0.045750002,736.3406982,0.003216583,304.2333984,1371.819946,0.944655597
1,4,93,0.046250002,483.5625,0.003249074,87.23168182,1313.799927,0.888672888
1,4,94,0.046750002,419.2457581,0.003249074,97.03081512,1288.22998,0.924387395
1,4,95,0.047250002,409.5237427,0.003249074,67.37491608,1461.01001,0.873923361
1,4,96,0.047750002,381.2428894,0.003249074,52.07691193,1317.079956,0.742953599
1,4,97,0.048250002,307.879425,0.003249074,97.49045563,1064.76001,0.864816606
1,4,98,0.048750002,448.8302307,0.003249074,138.0841064,1270.299927,0.940057099
1,4,99,0.049250002,411.9954224,0.003249074,100.7597961,1232.819946,0.880818546
1,4,100,0.049750002,713.8178711,0.003249074,3872.560059,1246.530029,0.943637848
1,4,101,0.050250002,525.7478027,0.003249074,407.1146545,1059.289917,0.956641257
1,4,102,0.050750002,472.0760498,0.003249074,161.6300507,1045.349976,0.931733608
1,4,103,0.051250002,461.1559143,0.003249074,297.5091858,1226.679932,0.958505273
1,4,104,0.051750003,781.8931885,0.003249074,275.1615601,1470.630005,0.939919889
1,4,105,0.052250003,338.8542175,0.003249074,88.20365143,1363.5,0.822927177
1,4,106,0.052750003,577.085083,0.003249074,401.1605225,1273.849976,0.935565174
1,4,107,0.053250003,285.4032898,0.003249074,83.58346558,1246.409912,0.889407456
1,4,108,0.053750003,447.4164429,0.003249074,145.5635376,1413.559937,0.875092745
1,4,109,0.054250003,574.9501343,0.003249074,285.7022705,1349.969971,0.940880299
1,4,110,0.054750003,433.5489502,0.003249074,185.0135651,1344.359985,0.953809857
1,4,111,0.055250003,810.2026367,0.003249074,767.4347534,1481.630005,0.955899239
1,4,112,0.055750003,412.2130127,0.003249074,152.1424103,1205.859985,0.935341895
1,4,113,0.056250003,543.7190552,0.003249074,191.6022491,1281.390015,0.915403903
1,4,114,0.056750003,392.9315186,0.003249074,102.0110779,1473.77002,0.908346415
1,4,115,0.057250003,471.3252258,0.003249074,202.6627655,1278.449951,0.946057677
1,4,116,0.057750003,541.1948242,0.003249074,349.8859253,1247.219971,0.925796151
1,4,117,0.058250003,301.0588989,0.003249074,93.17470551,1139.76001,0.901108027
1,4,118,0.058750003,609.5137939,0.003249074,301.3583679,1482.189941,0.9520787
1,4,119,0.059250003,244.0051117,0.003249074,59.63640594,1204.459961,0.842863858
1,4,120,0.059750003,564.6342163,0.003249074,2032.007202,1195.280029,0.947507739
1,4,,,,,,,
