Antartic.Year,Antarctic.Temp
88,0.9
97,1.8
105,3
114,0.4
123,-0.4
132,0.1
141,0.1
150,-0.5
160,0.8
169,-0.6
179,-1.1
190,0.4
200,-0.4
211,1.1
221,0.3
231,-0.7
241,-1.2
252,0.5
262,-2.44
273,0.42
284,0.84
295,0.71
305,-0.02
317,-0.14
328,-1.41
339,-0.34
351,0.16
362,-1.22
374,-0.41
386,-0.59
397,0.03
409,-0.67
421,-0.9
433,-1.53
445,-0.47
457,-0.12
469,0.21
480,-1.73
492,0.16
504,0.14
516,-0.56
528,-0.8
540,0.42
553,-2.36
566,-0.85
579,-0.36
592,1.26
605,0.7
618,-0.77
631,1.4
644,-0.87
656,-0.81
669,1.46
682,0.98
695,0.27
708,-0.96
722,-0.61
737,-0.63
751,-0.49
765,-0.96
779,-1.44
794,-0.91
809,-0.1
822,-0.16
836,0.32
849,0.03
862,0.56
875,0.94
887,1.17
899,1.5
912,-1.03
925,0.59
939,-1.41
953,0.92
967,-1.03
982,-0.67
997,-0.55
1011,-0.75
1026,0.38
1040,-0.4
1055,-0.44
1069,-0.95
1082,0.14
1097,0.99
1111,0.36
1125,-0.75
1139,-0.8
1154,0.72
1168,-0.54
1183,1.55
1197,-0.9
1211,-0.34
1224,0.93
1238,1.03
1251,0.88
1265,-0.54
1279,0.58
1294,0.37
1308,0.27
1323,-0.16
1337,-0.3
1352,1.23
1366,0.22
1380,0.89
1395,-0.17
1409,1.55
1423,0.89
1437,-0.17
1451,-0.02
1466,-0.48
1482,-0.7
1498,-0.45
1513,1.04
1529,-0.93
1544,-0.32
1560,-0.54
1575,-0.27
1591,0.9
1606,-0.92
1622,0.04
1638,0.24
1654,-1.15
1671,-0.84
1687,0.73
1704,-1.24
1720,0.42
1736,0.35
1752,-0.81
1770,-0.56
1787,-0.11
1804,0.1
1821,0.55
1837,-1.41
1854,0.25
1872,-1.04
1889,-0.99
1906,0.35
1923,-1.06
1939,1.79
1955,0
1972,0.01
1988,-0.38
2006,0.18
2023,-0.3
2040,-0.73
2057,-1.08
2075,-0.02
2094,-0.92
2111,1.62
2128,-0.7
2145,-0.74
2163,0.44
2180,-0.64
2197,-0.34
2215,-1.02
2234,-0.48
2252,-0.46
2269,
2287,0.86
2303,0.3
2321,-0.35
2339,0.17
2356,-2.05
2377,-1.41
2397,-0.63
2417,-0.83
2435,-0.94
2455,-1.97
2474,-0.78
2493,0
2513,-0.65
2531,-0.63
2550,0.16
2568,-0.45
2585,0.92
2603,-0.11
2621,0.51
2639,-0.77
2657,0.37
2675,0.85
2692,0.09
2709,-0.19
2728,-0.56
2747,-0.2
2765,-0.88
2783,1.29
2800,0.89
2817,0.81
2834,0.91
2851,0.01
2868,1.32
2885,1.12
2902,1.12
2920,0.04
2938,-0.64
2956,-1
2974,0.57
2993,0.29
3011,-0.34
3030,-0.91
3050,-0.01
3069,-0.51
3087,0.1
3106,0.15
3124,-0.03
3142,0.63
3160,
3179,1.27
3197,-1.46
3215,-0.91
3236,-1.3
3257,0.62
3277,-0.82
3297,-1.76
3317,0.47
3337,-0.74
3357,-1.05
3376,0.7
3396,-0.71
3415,-1.44
3435,-0.01
3455,-0.28
3475,-0.44
3495,-0.18
3515,-0.02
3534,0.46
3553,-1.04
3572,1.35
3591,0.15
3609,-0.29
3628,0.16
3648,-0.67
3668,0.92
3686,0.77
3704,0.17
3722,0.62
3741,1.03
3759,-1.02
3777,1.36
3796,1.26
3814,-1.57
3833,1.07
3852,0.08
3872,0.26
3892,-0.7
3911,-0.92
3931,0.72
3950,-0.12
3970,-0.52
3990,-0.19
4010,-0.41
4030,0.4
4049,-0.56
4069,-0.59
4088,0.78
4107,0.81
4126,-1.16
4145,0.89
4165,0.82
4184,-0.59
4204,-0.42
4223,0.06
4243,0.5
4262,-1.57
4281,0.67
4300,1.31
4319,-0.2
4338,1.36
4357,-0.48
4376,-1.03
4397,0
4417,0.29
4437,0.04
4456,-0.32
4476,-0.9
4495,0.35
4515,1.33
4534,-0.39
4553,0.78
4571,-0.7
4592,-0.4
4612,-0.8
4632,0.01
4652,0.16
4672,0.27
4692,-0.56
4711,-0.01
4731,-0.16
4751,-0.38
4771,0.94
4791,-0.76
4810,-1.21
4831,-0.28
4851,-0.37
4871,-1.16
4892,-0.32
4913,0.67
4932,0.25
4951,-0.16
4970,-0.03
4989,0.37
5008,0.98
5028,-0.5
5047,-0.66
5068,-0.32
5087,-0.29
5107,0.36
5127,-0.95
5147,-0.24
5168,-0.13
5187,0.25
5206,0.56
5225,0.58
5243,0.26
5262,-0.47
5282,-0.17
5303,-1.38
5323,-0.26
5343,0.69
5362,-0.21
5382,0.68
5401,-0.26
5420,0.03
5439,0.54
5459,-2.14
5480,-1.08
5503,-1.28
5524,-0.06
5545,-1.3
5566,-2.19
5589,-0.82
5611,0
5630,1.23
5648,-0.26
5667,0.1
5687,-0.75
5707,-0.1
5727,-0.24
5747,-0.97
5767,0.57
5786,-0.77
5806,1.38
5824,-0.72
5843,0.91
5861,1.01
5881,-0.98
5900,0.29
5918,0.57
5937,0.32
5955,-0.54
5976,-0.89
5996,-0.71
6017,-1.54
6039,-0.5
6059,0.45
6078,-0.02
6097,-0.4
6117,-0.8
6137,0.06
6157,0.49
6177,-1.52
6197,0.8
6216,-0.93
6236,-0.51
6255,-0.71
6275,0.03
6295,-0.68
6315,-1.23
6336,0.27
6356,-0.19
6376,-1.3
6396,-1.55
6417,-0.38
6438,-1.37
6459,-0.76
6480,-0.47
6499,0.79
6518,-0.14
6537,-1.78
6559,-1.34
6581,0.81
6600,-0.48
6620,-1.27
6640,-0.71
6662,-2.27
6683,-0.22
6704,-1.5
6725,-2
6745,0.6
6765,0.23
6785,-0.28
6805,-1.47
6825,-1.31
6847,-1.2
6868,-1.07
6888,-0.59
6908,0.75
6927,-0.25
6945,0.99
6963,-0.73
6983,-0.8
7003,-1.23
7024,-0.49
7044,-0.29
7063,-1.44
7084,-0.94
7106,-0.66
7126,-1.11
7147,-1.16
7168,-0.39
7189,-1.91
7210,-3
7233,-1.32
7256,-0.93
7278,-1.82
7299,-1.56
7320,-1.43
7342,-0.4
7361,0.88
7380,-0.81
7399,-2.1
7421,-1.04
7442,-1.84
7464,-1.69
7486,-0.24
7507,-1.53
7528,-1.77
7548,-0.93
7569,0.03
7589,-0.93
7607,0.7
7626,-0.71
7645,0.83
7664,-1.14
7683,-1.71
7705,-0.82
7726,-0.46
7745,0.43
7764,-1.88
7783,-1.14
7803,0.79
7823,0.47
7842,-2.03
7862,-1.04
7883,-1.47
7904,-1.49
7924,-0.34
7944,0.26
7963,-0.56
7983,-1.06
8003,-1.24
8024,-1.41
8045,-1.25
8066,-2.19
8088,-0.87
8110,-3.09
8133,-1.13
8154,-0.65
8174,-1.4
8195,-2.04
8218,-2.54
8241,-2.25
8263,-1.31
8285,-1.71
8306,-0.77
8327,-1.35
8348,-1.43
8369,-1.26
8390,-1.24
8411,-2.4
8433,-1.69
8455,-1.89
8477,-1.4
8498,-0.74
8518,-0.7
8538,-0.85
8558,-2.79
8579,-0.74
8600,0.38
8620,-0.81
8639,-1.54
8659,0.02
8679,-1.22
8698,-1.13
8718,-0.7
8738,-1.6
8759,-1.55
8780,-0.84
8800,-1.29
8820,-0.44
8840,-2
8861,-1.62
8883,-0.93
8902,-0.19
8922,-0.9
8941,-0.86
8961,-0.86
8981,-1.13
9000,0.05
9019,-0.1
9038,-1.49
9058,-0.67
9077,-0.94
9097,-0.59
9116,-1.09
9136,-0.49
9155,-0.49
9176,-2.56
9197,-1.9
9218,-0.06
9237,-1.42
9257,0.11
9274,0.54
9292,-0.51
9312,-0.99
9331,-1.57
9351,-0.04
9369,-0.28
9388,-0.45
9407,-0.57
9426,-0.14
9444,-0.33
9462,0.24
9480,
9497,0.48
9514,-0.48
9534,-2.02
9554,-0.33
9573,-1.11
9592,0.04
9611,-0.75
9628,0.79
9646,-0.1
9664,-1.16
9683,-0.08
9702,-0.38
9719,1.11
9736,-0.04
9754,0.01
9771,0.45
9788,-0.07
9805,1.33
9822,0.62
9839,-2.4
9859,-0.13
9878,-0.2
9897,-1.57
9916,0.68
9934,-0.61
9952,0.15
9970,-0.65
9989,-0.97
10007,0.35
10026,-0.36
10044,-0.75
10062,0.26
10079,0.32
10097,-0.2
10115,0.29
10133,-1.18
10151,0.02
10167,1.39
10184,0.43
10201,-0.02
10219,-0.47
10237,0.38
10255,-0.2
10272,-1.08
10291,-1.38
10309,0.61
10328,-0.07
10345,-0.15
10363,0.12
10381,-1.76
10400,0.26
10419,-1.27
10438,-0.47
10457,-0.71
10476,-1.53
10495,0.31
10512,0.53
10529,1.16
10545,0.41
10561,-0.02
10577,2.12
10593,-1.23
10612,-0.12
10630,-0.55
10649,-0.88
10668,-0.64
10687,-0.51
10705,-0.27
10723,0.86
10741,-0.77
10758,-0.84
10777,-1.01
10796,-1.08
10816,-0.96
10834,-0.35
10853,-0.22
10871,0.25
10888,-0.51
10906,-1.36
10925,-0.8
10945,-0.33
10963,0.28
10981,-0.96
10999,-1.81
11019,-0.66
11039,-0.12
11056,-0.27
11074,0.3
11092,-0.08
11110,-1.45
11129,-1.14
11148,-0.47
11167,-1.41
11186,-1.62
11207,-0.93
11225,0.37
11242,0.53
11259,0.18
11278,-0.29
11296,-2.15
11315,-0.61
11333,-0.32
11352,-0.95
11369,1.29
11386,1.11
11404,-1.77
11423,-0.78
11442,-1.59
11461,-0.77
11480,-0.37
11498,0.42
11515,0.14
11532,0.79
11549,0.28
11566,-0.73
11585,-1.33
11604,-0.92
11623,-1.16
11643,-1.15
11662,-0.19
11681,-1.05
11699,0.01
11717,-1.06
11736,0.07
11754,-1.29
11773,-0.5
11792,-0.88
11810,0.07
11829,-1.3
11848,-2.48
11870,-1.85
11891,-2.09
11913,-1.86
11934,-2.11
11955,-1.84
11977,-2.78
11999,-2.64
12022,-1.69
12043,-1.99
12064,-1.96
12087,-3.02
12109,-2.57
12132,-2.91
12156,-4.44
12181,-3.03
12206,-2.97
12231,-3.81
12255,-2.63
12277,-2.12
12300,-3.61
12323,-2.23
12347,-4.23
12374,-4.4
12400,-3.49
12426,-4.91
12452,-3.17
12477,-2.76
12502,-4.1
12527,-4.14
12553,-3.86
12580,-5.5
12609,-4.91
12638,-5.17
12667,-4.65
12696,-5.15
12723,-3.88
12750,-4.35
12777,-4.19
12804,-5.28
12834,-5.53
12863,-4.1
12891,-4.74
12917,-3.56
12944,-4.41
12972,-4.82
13000,-5.04
13028,-4.58
13055,-3.85
13082,-4.05
13109,-4.61
13137,-5.17
13165,-4.7
13193,-4.27
13220,-3.47
13246,-3.94
13272,-4.6
13299,-3.6
13325,-3.57
13350,-4.12
13377,-4.28
13404,-5.31
13433,-5.06
13462,-4.49
13490,-4.92
13518,-3.97
13545,-2.76
13570,-4.46
13596,-3.88
13622,-4.83
13650,-4.98
13679,-5.06
13708,-5.03
13737,-4.18
13765,-4.78
13792,-4.43
13820,-3.06
13846,-5.07
13872,-3.15
13898,-4.6
13925,-4.68
13953,-4.23
13980,-3.49
14006,-2.82
14029,-2.64
14052,-3.24
14078,-3.98
14103,-4.05
14130,-4.48
14156,-3.27
14181,-2.71
14206,-3
14230,-3.43
14255,-4.14
14280,-1.02
14302,-1.93
14323,-2.16
14345,-2.69
14368,-2.5
14391,-2.96
14414,-2.52
14440,-5.32
14467,-3.78
14492,-2.71
14517,-4.17
14543,-4.17
14570,-3.55
14597,-4.59
14624,-4.2
14651,-5.42
14681,-4.94
14710,-4.22
14738,-5.03
14766,-4.44
14794,-3.62
14820,-4.04
14846,-4.29
14873,-3.62
14900,-4.02
14926,-4.25
14954,-5.52
14983,-2.3
15009,-4.54
15034,-5.1
15064,-5.09
15092,-4.05
15120,-4.17
15147,-4.5
15175,-4.36
15203,-4.76
15232,-5.16
15261,-5.72
15292,-5.47
15323,-5.66
15354,-5.51
15385,-5.74
15416,-5.7
15447,-4.75
15477,-5.11
15507,-5.35
15537,-6.01
15568,-5.19
15599,-6.37
15631,-4.8
15662,-5.39
15692,-5.25
15722,-5.61
15753,-5.32
15784,-5.62
15815,-5.82
15847,-6.18
15880,-5.39
15912,-6.66
15944,-5.91
15977,-5.96
16010,-6.46
16044,-6.9
16079,-6.76
16113,-5.94
16146,-6.1
16179,-6.07
16212,-6.22
16246,-7.41
16281,-6.44
16316,-6.12
16349,-6.76
16384,-6.79
16419,-6.75
16454,-6.86
16490,-8.15
16528,-7.05
16566,-7.44
16603,-7.15
16639,-6.82
16676,-8.83
16715,-7.37
16755,-8.21
16794,-8.11
16834,-8.23
16875,-9
16917,-7.74
16957,-7.8
16997,-8.38
17036,-7.38
17075,-8.66
17116,-7.4
17155,-9.37
17198,-8.5
17240,-8.4
17283,-9.11
17325,-8.39
17368,-9.08
17411,-9.54
17457,-9.47
17503,-9.47
17549,-9.7
17595,-8.13
17636,-8.97
17680,-9.74
17726,-8.9
17770,-8.87
17814,-9.54
17860,-9.82
17907,-9.64
17953,-9.21
17999,-9.25
18043,-8.94
18087,-9.18
18132,-9.45
18178,-9.41
18224,-9.36
18269,-9.51
18316,-9.4
18362,-10.35
18411,-8.67
18455,-9.26
18499,-8.56
18543,-9.92
18590,-9.21
18636,-9.61
18682,-9.36
18728,-9.02
18773,-9.69
18819,-8.84
18865,-10.12
18912,-9.34
18958,-8.44
19003,-10.43
19051,-9.89
19099,-8.52
19143,-9.54
19189,-9.34
19235,-7.81
19276,-9.55
19322,-8.91
19367,-9.96
19415,-9.16
19461,-9.75
19508,-9.62
19556,-10.19
19605,-9.37
19653,-10.19
19702,-9.93
19750,-8.94
19796,-8.84
19840,-8.53
19884,-9.51
19931,-10.43
19981,-9.81
20029,-9.4
20076,-9.04
20122,-9.46
20168,-8.71
20213,-9.79
20260,-9.22
20307,-9.53
20354,-9.69
20402,-9.72
20451,-10.18
20500,-8.92
20546,-8.83
20591,-9.31
20637,-9.49
20685,-9.65
20733,-9.64
20781,-9.03
20826,-9.36
20873,-9.41
20920,-9.47
20968,-9.39
21015,-10.14
21065,-9.25
21112,-9.52
21159,-8.74
21205,-9.06
21251,-10.02
21300,-10.04
21350,-9.2
21396,-8.59
21440,-7.92
21485,-10.1
21532,-9.71
21581,-8.9
21628,-9.64
21676,-10.12
21726,-9.57
21774,-8.96
21820,-8.72
21865,-8.47
21909,-9.42
21957,-9.14
22003,-9.6
22052,-9.45
22100,-9.82
22149,-9.98
22200,-9.67
22249,-8.81
22294,-10.04
22345,-9.91
22395,-8.36
22439,-9.14
22486,-9.41
22533,-8.74
22579,-9.22
22627,-9.92
22676,-9
22724,-9.98
22773,-9.36
22822,-9.62
22871,-9.39
22919,-9.73
22968,-9.55
23017,-9.11
23064,-8.43
23109,-8.84
23154,-8.23
23199,-8.99
23245,-9.19
23292,-8.79
23339,-10.25
23390,-9.36
23438,-8.95
23485,-9.28
23533,-8.69
23579,-8.88
23625,-9.05
23672,-8.64
23718,-8.95
23765,-9.29
23813,-9.36
23862,-10.39
23914,-9.95
23966,-9.62
24015,-9.52
24065,-10.58
24119,-9.68
24169,-9.4
24218,-9.05
24266,-9
24313,-9.76
24364,-9.33
24413,-10.07
24465,-10.1
24517,-7.98
24561,-8.99
24608,-9.9
24659,-10.21
24712,-10.06
24764,-9.96
24816,-9.89
24868,-9.54
24918,-9.84
24969,-9.39
25019,-9.83
25070,-9.95
25122,-9.83
25173,-9.35
25223,-9.35
25273,-10.21
25326,-10.48
25380,-10.32
25434,-9.54
25485,-9.87
25537,-9.84
25588,-9.67
25639,-9.54
25690,-9.3
25740,-10.19
25793,-10.02
25845,-9.53
25897,-10.47
25950,-8.93
26000,-9.61
26050,-10.2
26103,-8.98
26153,-9.85
26204,-9.96
26257,-9.17
26307,-10.4
26361,-9.96
26414,-9.02
26463,-9.94
26515,-9.34
26566,-9.59
26617,-9.96
26670,-10.19
26724,-10.11
26777,-9.05
26827,-9.48
26878,-9.72
26930,-10.13
26983,-9.59
27035,-9.75
27087,-9.7
27140,-9.93
27192,-9.22
27242,-8.79
27290,-8.28
27337,-8.84
27383,-6.91
27427,-9.25
27475,-9.03
27525,-8.69
27573,-10.51
27628,-9.14
27678,-7.86
27723,-7.71
27767,-8.61
27815,-8.94
27864,-9.4
27914,-8.38
27962,-8.81
28011,-9.87
28064,-10.22
28118,-9.15
28169,-9.42
28220,-9.93
28274,-9.42
28325,-8.71
28374,-8.89
28423,-8.2
28469,-7.84
28515,-8.69
28562,-8.61
28610,-8.59
28658,-8.87
28708,-9.46
28759,-9.14
28809,-8.91
28859,-9.27
28909,-8.35
28958,-8.88
29006,-8.28
29054,-8.72
29102,-8.26
29149,-8.1
29195,-8.23
29242,-7.39
29286,-8.6
29333,-7.55
29378,-7.93
29425,-9.42
29475,-8.88
29524,-8.42
29573,-8.35
29620,-8.42
29668,-8.33
29715,-7.82
29761,-8.36
29808,-8.9
29858,-9.82
29912,-9.44
29965,-9.38
30017,-9.85
30070,-8.4
30121,-10.03
30174,-9.25
30227,-9.19
30277,-8.31
30327,-9.94
30380,-8.61
30430,-9.06
30481,-9.19
30533,-9.19
30584,-9.29
30636,-8.88
30687,-8.88
30737,-8.87
30788,-8.87
30838,-8.87
30887,-7.57
30934,-8.69
30983,-8.77
31033,-8.52
31082,-9.51
31135,-9.93
31191,-9.29
31244,-9.47
31297,-10.04
31353,-9.42
31406,-8.91
31458,-9.07
31509,-8.9
31561,-9.87
31614,-8.92
31668,-10.36
31723,-9.19
31775,-7.5
31823,-8.3
31871,-8.88
31921,-8.5
31969,-7.07
32015,-8.12
32062,-6.9
32105,-8.4
32154,-8.64
32204,-8.31
32253,-8.81
32303,-8.2
32352,-8.38
32400,-7.78
32449,-9.02
32498,-7.95
32546,-8.09
32595,-9.16
32648,-9.77
32702,-9.46
32757,-9.31
32811,-9.88
32866,-9.24
32919,-8.59
32971,-9.25
33023,-8.74
33074,-8.18
33123,-8.03
33171,-7.93
33218,-7.53
33265,-8.06
33312,-7.76
33359,-7.48
33405,-8.3
33454,-8.06
33503,-8.47
33552,-8.14
33601,-8.12
33649,-7.72
33698,-9.32
33749,-8.1
33800,-8.77
33851,-9.53
33906,-9.53
33961,-9.53
34016,-9.52
34071,-9.52
34127,-9.16
34180,-8.53
34231,-9.12
34284,-8.97
34337,-9.58
34392,-9.08
34445,-8.19
34495,-8.03
34544,-8.55
34595,-7.39
34641,-8.34
34690,-7.75
34738,-7.68
34786,-8.48
34835,-7.35
34882,-7.4
34929,-8.37
34978,-8.04
35027,-7.69
35074,-7.03
35119,-7.69
35167,-8.41
35217,-7.72
35264,-7.09
35310,-7.52
35357,-8.18
35406,-8.24
35456,-8.06
35504,-6.81
35551,-8.52
35601,-8.67
35652,-7.81
35700,-7.61
35748,-7.89
35796,-8.68
35848,-8.18
35898,-9.24
35953,-7.97
36002,-8.02
36051,-8.08
36101,-8.05
36151,-9.07
36204,-8.69
36256,-8.54
36308,-8.32
36358,-7.84
36407,-7.84
36456,-8.09
36506,-8.2
36556,-8.05
36605,-7.77
36654,-8.44
36705,-8.08
36755,-7.95
36805,-8.66
36857,-8.84
36909,-8.54
36961,-8.17
37011,-7
37057,-6.63
37101,-7.91
37150,-7.88
37199,-7.89
37248,-6.62
37294,-7.79
37340,-6.84
37387,-7.91
37434,-6.84
37481,-8.14
37530,-6.85
37575,-7.18
37621,-6.04
37663,-6.18
37706,-6.27
37747,-5.14
37787,-6.41
37829,-5.22
37869,-4.66
37908,-6.16
37949,-7.17
37995,-7.23
38042,-7.86
38089,-5.98
38132,-5.5
38174,-7.13
38219,-7.25
38265,-7.63
38313,-5.83
38356,-7.28
38401,-6.29
38445,-6.57
38489,-7.03
38534,-6.62
38579,-6.39
38622,-6.41
38666,-6.34
38710,-6.82
38754,-7.18
38801,-7.53
38848,-6.15
38892,-6.89
38936,-6.59
38981,-6.46
39026,-7.78
39073,-6.87
39119,-5.95
39161,-8.05
39211,-7.73
39261,-8.2
39311,-8.05
39362,-7.97
39412,-8.2
39463,-7.97
39513,-8.03
39565,-9.02
39619,-9.2
39675,-9.1
39730,-8.18
39782,-9.24
39837,-7.83
39888,-8.48
39940,-7.74
39990,-8.12
40040,-7.2
40089,-8.25
40139,-7.74
40188,-7.59
40238,-8.63
40291,-8.53
40343,-8.41
40395,-7.19
40444,-7.54
40491,-7.26
40540,-8.54
40593,-8.89
40647,-8.72
40701,-8.7
40755,-8.82
40809,-8.42
40862,-8.14
40915,-9.39
40970,-8.15
41022,-8.02
41073,-7.77
41123,-7.57
41173,-8.58
41224,-7.31
41273,-6.45
41319,-7.55
41367,-7.58
41416,-7.83
41466,-8.57
41519,-6.66
41566,-8.83
41619,-7.79
41670,-8.73
41724,-7.95
41775,-8.22
41827,-8.97
41882,-8.36
41935,-8.8
41990,-8.74
42045,-8.75
42100,-9.06
42156,-9.04
42211,-8.22
42265,-8.89
42318,-7.52
42369,-8.18
42421,-8.36
42473,-7.54
42523,-7.55
42572,-7.77
42623,-8.46
42675,-7.12
42724,-8.52
42776,-7.61
42827,-7.94
42877,-7.41
42926,-6.75
42972,-7.07
43019,-7.02
43067,-7.2
43114,-6.62
43160,-6.83
43207,-7.51
43255,-6.83
43302,-8.03
43353,-7.93
43404,-6.47
43450,-6.93
43497,-7.36
43545,-7.9
43596,-8.06
43647,-7.37
43697,-7.57
43746,-7.81
43796,-7.22
43846,-8.42
43899,-8.68
43952,-8.02
44004,-7.94
44055,-8.74
44108,-8.66
44162,-8.31
44216,-8.82
44271,-8.77
44326,-8.44
44380,-8.04
44432,-7.04
44481,-7.63
44532,-8.73
44585,-8.3
44638,-8.46
44691,-7.9
44742,-7.57
44793,-7.92
44844,-7.8
44895,-7.78
44946,-7.57
44996,-7.65
45046,-7.75
45096,-7.17
45145,-7.12
45193,-6.62
45239,-7.04
45287,-7
45334,-6.92
45381,-6.59
45427,-6.79
45474,-6.51
45520,-6.97
45567,-6.9
45612,-5.27
45656,-7.05
45702,-6.19
45747,-6.69
45792,-5.44
45835,-6.01
45877,-5.35
45920,-6.28
45962,-4.25
46001,-5.14
46042,-6.03
46086,-6.86
46130,-5.8
46174,-5.24
46215,-6.38
46260,-6.31
46304,-6.12
46348,-6.18
46391,-5.7
46434,-5.72
46477,-4.85
46516,-4.57
46554,-4.03
46592,-5.64
46633,-5.51
46674,-5.05
46716,-5.68
46757,-5.25
46798,-6.58
46844,-6.49
46890,-6.86
46935,-5.88
46980,-6.44
47025,-6.44
47070,-6.17
47115,-6.75
47161,-6.8
47208,-6.24
47253,-6.44
47296,-4.97
47339,-6.67
47384,-6.64
47430,-7.15
47478,-6.59
47524,-6.97
47572,-6.73
47619,-7
47666,-7.2
47714,-6.24
47760,-6.27
47805,-7.13
47853,-7.66
47902,-6.65
47950,-7.25
48000,-8.94
48055,-7.92
48108,-8.02
48161,-8.55
48215,-7.94
48267,-7.31
48318,-7.99
48368,-6.8
48417,-6.63
48464,-6.8
48511,-7.31
48560,-7
48608,-8.51
48663,-7.56
48714,-6.93
48762,-8.32
48816,-8.17
48869,-7.08
48917,-7.01
48965,-6.54
49012,-7.57
49062,-7.67
49113,-7.59
49165,-8.17
49217,-7.28
49268,-8.05
49319,-7.64
49372,-8.39
49425,-7.36
49476,-7.96
49527,-7.16
49576,-6.75
49625,-7.54
49674,-7.45
49723,-6.1
49771,-7.7
49820,-7.67
49870,-6.3
49919,-7.67
49968,-7.49
50020,-8.18
50072,-7.06
50121,-6.64
50168,-6.96
50216,-6.5
50262,-7.02
50311,-7.53
50361,-7.5
50412,-7.06
50461,-7.05
50508,-5.64
50553,-7.17
50601,-7.43
50652,-8.11
50702,-6.25
50751,-7.02
50799,-7.48
50848,-6.59
50896,-7.5
50946,-7.37
50995,-6.69
51043,-6.71
51091,-7.84
51142,-7.38
51193,-7.38
51243,-7.22
51292,-6.95
51341,-7.02
51389,-6.77
51437,-7.21
51486,-6.61
51533,-6.42
51578,-5.98
51625,-7.41
51672,-6.57
51721,-7.35
51769,-6.11
51815,-6.64
51861,-5.49
51904,-6.81
51951,-6.26
51997,-5.97
52040,-4.62
52082,-6.36
52125,-5.24
52167,-6.23
52213,-7.27
52262,-6.32
52308,-6.86
52355,-6.32
52402,-6.75
52448,-6.07
52493,-5.66
52538,-7.04
52585,-5.97
52630,-6.35
52675,-5.28
52718,-6.72
52763,-6.11
52807,-4.61
52849,-6.11
52893,-6.18
52938,-6.62
52985,-6.82
53032,-6.33
53076,-4.25
53117,-5.75
53160,-6.18
53203,-5.08
53245,-5.41
53287,-5.03
53328,-5.18
53368,-4.95
53409,-4.92
53449,-4.99
53490,-5.29
53532,-6.18
53576,-6.3
53621,-6.08
53667,-7.19
53716,-6.87
53764,-6.66
53811,-5.54
53854,-6.25
53898,-5.54
53943,-6.52
53988,-6.25
54034,-6.67
54081,-6.5
54128,-6.98
54175,-5.66
54219,-5.96
54263,-5.83
54306,-5.42
54351,-7.04
54397,-6.9
54446,-6.86
54495,-7.4
54545,-7.4
54594,-6.79
54644,-7.62
54695,-7.9
54747,-7.37
54798,-7.39
54847,-5.94
54893,-6.6
54940,-6.76
54987,-6.14
55032,-5.79
55077,-6.93
55124,-6.82
55172,-6.04
55218,-7.05
55266,-6.85
55314,-6.34
55360,-6.59
55408,-7.81
55459,-6.79
55508,-6.77
55555,-6.81
55604,-7.19
55653,-7.37
55704,-7.91
55757,-8.33
55811,-7.32
55863,-7.35
55914,-8.13
55968,-8.38
56021,-6.75
56073,-8.67
56126,-7.37
56178,-7.29
56228,-6.52
56276,-6.88
56325,-8.08
56376,-6.63
56426,-7
56474,-7.1
56524,-7.21
56573,-6.64
56621,-6.46
56668,-7.61
56719,-6.52
56766,-7.18
56816,-6.36
56862,-6.13
56908,-6.56
56953,-5.32
56998,-6.83
57044,-6.25
57091,-6.37
57136,-5.72
57180,-5.2
57222,-5.99
57266,-4.97
57308,-5.7
57350,-5.58
57396,-7.79
57445,-6.66
57493,-5.97
57538,-5.75
57582,-6.43
57628,-6.61
57675,-5.83
57719,-5.23
57763,-6.95
57810,-7.16
57859,-6.82
57907,-6.23
57954,-6.2
57999,-5.97
58044,-6.1
58089,-5.25
58131,-6.57
58177,-5.28
58220,-5.98
58262,-4.42
58304,-6.03
58347,-5.03
58388,-4.92
58429,-5.86
58472,-5.66
58517,-6.42
58561,-4.83
58602,-4.6
58642,-5.19
58683,-5.44
58726,-5.64
58768,-4.89
58810,-5.93
58853,-5.8
58897,-6.08
58942,-5.78
58986,-5.9
59030,-5.8
59074,-5.71
59117,-5.41
59160,-5.36
59203,-7.08
59251,-4.53
59292,-6.16
59336,-6.26
59383,-7.3
59431,-6.1
59476,-4.82
59519,-6.28
59564,-6.55
59610,-6.19
59656,-5.85
59701,-7.15
59750,-6.9
59797,-5.32
59841,-5.9
59885,-5.92
59929,-5.72
59975,-7.27
60022,-6.35
60070,-6.78
60118,-6.67
60166,-7.25
60216,-7.33
60266,-6.92
60315,-6.66
60363,-7.48
60414,-6.97
60464,-6.25
60510,-7.25
60560,-6.73
60608,-6.07
60653,-5.79
60699,-7.22
60747,-6.91
60797,-7.24
60847,-7.52
60897,-6.68
60946,-6.45
60994,-7.13
61044,-7.77
61095,-6.43
61144,-7.13
61192,-6.86
61242,-7.09
61292,-7.32
61342,-7.39
61393,-7.01
61444,-8.11
61497,-7.6
61549,-6.96
61600,-7.44
61651,-7.77
61704,-7.52
61756,-7.26
61807,-7.62
61859,-7.77
61913,-8.37
61969,-8.22
62024,-8.94
62083,-8.17
62139,-7.94
62194,-8.05
62248,-8.19
62304,-8.6
62362,-8.86
62421,-8.57
62478,-7.25
62530,-8.91
62589,-8.89
62648,-8.85
62707,-8.53
62765,-8.24
62821,-9.17
62882,-9.47
62944,-8.6
63003,-8.41
63062,-10.19
63129,-9.27
63191,-9.22
63253,-9.41
63315,-8.95
63376,-9.3
63438,-9.05
63498,-8.83
63558,-8.49
63614,-6.68
63665,-6.82
63716,-8.34
63770,-6.63
63821,-8.87
63879,-7.88
63934,-7.86
63988,-7.12
64039,-7.45
64092,-8.53
64150,-9.08
64210,-8.38
64268,-8.78
64328,-9.32
64390,-8.71
64449,-8.24
64507,-8.82
64566,-9.11
64627,-8.4
64685,-9.24
64747,-8.3
64806,-9.34
64867,-9.01
64929,-8.82
64989,-8.89
65048,-7.72
65104,-7.72
65161,-9.77
65223,-8.36
65282,-9.03
65343,-8.67
65403,-9.14
65465,-9.42
65529,-8.79
65589,-9.56
65653,-8.46
65713,-9
65774,-9.36
65838,-9.59
65902,-8.78
65964,-9.29
66027,-9.58
66092,-9.48
66156,-9.17
66220,-9.81
66286,-9.2
66349,-9.11
66412,-8.83
66473,-9.04
66535,-7.85
66591,-9.71
66656,-8.67
66717,-8.46
66777,-9.21
66840,-9.23
66903,-8.5
66963,-9.01
67026,-9.61
67091,-8.82
67153,-9.39
67217,-9.26
67281,-9.44
67346,-8.86
67408,-8.9
67471,-9.4
67535,-8.78
67596,-7.81
67654,-9.11
67716,-9.12
67779,-9.32
67843,-7.12
67898,-8.87
67958,-8.6
68019,-8.27
68079,-9.06
68141,-9.63
68208,-9.51
68274,-9.31
68339,-7.79
68396,-8.04
68453,-7.92
68510,-7.59
68567,-8.15
68624,-7.77
68681,-8.6
68742,-8.14
68801,-9.42
68866,-8.96
68929,-8.92
68993,-9.71
69059,-8.85
69124,-9.67
69191,-8.75
69254,-9.22
69318,-8.99
69382,-8.89
69444,-7.26
69500,-8.49
69561,-8.8
69623,-8.34
69682,-6.91
69736,-7.58
69791,-7.27
69846,-7.94
69904,-8.07
69963,-7.49
70019,-7.69
70075,-7.34
70131,-7.72
70187,-6.79
70240,-6.66
70291,-7.55
70346,-6.28
70397,-6.69
70449,-6.61
70500,-6.41
70550,-5.2
70596,-6.04
70644,-5.61
70691,-5.63
70738,-5.05
70783,-5.5
70829,-5.53
70876,-5.98
70923,-5.41
70972,-7.72
71026,-7.27
71080,-5.25
71128,-7.09
71180,-6.41
71232,-6.21
71281,-6.01
71330,-6.04
71380,-7.05
71433,-7.19
71488,-6.78
71541,-6.88
71594,-5.85
71642,-6.71
71695,-6.84
71747,-6.65
71800,-7
71854,-6.9
71907,-6.6
71960,-7.09
72014,-7.28
72069,-6.94
72124,-8.05
72182,-7.05
72237,-7.59
72294,-7.3
72351,-8.24
72413,-8.89
72476,-7.9
72536,-8.14
72597,-8.32
72658,-8.19
72719,-7.66
72777,-7.6
72835,-7.63
72893,-7.42
72949,-7.17
73006,-7.66
73062,-6.58
73116,-6.89
73169,-6.51
73222,-6.45
73275,-7.55
73331,-6.16
73383,-7.1
73437,-6.45
73490,-7.39
73545,-5.53
73595,-6.91
73648,-6.23
73700,-6.23
73751,-6.11
73802,-6.62
73854,-6.04
73904,-5.97
73953,-4.21
73997,-5.39
74044,-5.52
74092,-5.56
74140,-4.83
74185,-5.7
74233,-4.51
74278,-5.06
74324,-5.86
74372,-4.92
74418,-5.15
74464,-4.97
74509,-4.47
74553,-3.52
74593,-4.64
74637,-4.08
74680,-4.44
74724,-5.59
74771,-5.29
74818,-5.26
74866,-5.72
74914,-5.34
74963,-6.11
75012,-5.19
75061,-6.67
75113,-6.22
75164,-5.86
75215,-5.82
75265,-5.98
75315,-6.1
75366,-5.99
75418,-6.62
75471,-6.67
75524,-6.22
75577,-6.96
75632,-6.52
75686,-7.41
75743,-6.78
75799,-7.6
75858,-7.94
75918,-7.43
75976,-6.77
76032,-6.99
76088,-6.38
76141,-6.31
76194,-7.51
76252,-6.91
76308,-6.75
76362,-6.1
76415,-6.28
76469,-8.09
76528,-5.99
76581,-6.98
76637,-6.1
76689,-6.38
76742,-7.18
76799,-6.95
76856,-6.65
76911,-6.89
76966,-6.21
77019,-6.06
77071,-6.03
77123,-6.12
77175,-6.78
77229,-5.16
77279,-6.38
77331,-5.77
77382,-5.66
77432,-6.31
77485,-7.08
77542,-6.43
77596,-6.46
77651,-7.04
77708,-7.05
77765,-6.81
77821,-6.38
77875,-6.69
77930,-6.44
77985,-6.6
78039,-5.94
78091,-6.2
78144,-6.63
78199,-5.69
78250,-5.75
78302,-7.4
78360,-6.64
78414,-5.25
78465,-5.61
78515,-6.12
78568,-6.13
78620,-5.34
78670,-5.67
78720,-5.45
78769,-4.92
78817,-5.1
78867,-6.32
78918,-5.41
78969,-5.64
79019,-5.67
79072,-7.15
79126,-5.02
79177,-6.06
79228,-5.13
79278,-6.27
79330,-4.44
79377,-4.88
79424,-4.76
79471,-5.59
79520,-4.96
79570,-6.29
79621,-4.71
79671,-5.99
79720,-4.26
79766,-4.06
79812,-5.57
79860,-5.13
79910,-5.44
79960,-5.77
80011,-5.45
80061,-4.86
80109,-4.92
80157,-4.9
80203,-3.8
80248,-5.96
80299,-4.62
80347,-5.39
80396,-4.37
80442,-4.91
80490,-5.26
80539,-5.01
80587,-5.04
80636,-4.86
80683,-4.38
80729,-4.66
80776,-5.14
80824,-4.49
80871,-4.69
80919,-5.52
80968,-4.74
81016,-5.5
81066,-5.28
81115,-4.72
81164,-5.49
81214,-5.63
81265,-5.05
81314,-4.65
81360,-3.91
81405,-4.35
81451,-5.26
81500,-5.21
81549,-4.37
81595,-4.37
81641,-4.37
81687,-4.8
81733,-2.65
81775,-4.14
81817,-3.38
81860,-4.21
81905,-4.07
81949,-3.93
81993,-5.03
82042,-4.26
82087,-4.59
82134,-3.71
82178,-4.74
82224,-3.85
82268,-3.91
82311,-2.97
82353,-3.12
82393,-3.63
82436,-2.96
82477,-3.59
82519,-3.87
82562,-3.04
82604,-4.4
82649,-3.59
82692,-2.01
82730,-3.79
82771,-3.58
82813,-2.77
82854,-3.48
82896,-3.74
82939,-3.73
82982,-3.14
83024,-3.95
83066,-2.49
83107,-3.52
83148,-2.48
83187,-2.65
83226,-2.76
83266,-2.83
83305,-2.47
83344,-2.3
83383,-3.68
83425,-3.41
83467,-3.56
83510,-4.04
83553,-2.84
83595,-4.09
83639,-3.63
83682,-3.37
83725,-3.71
83766,-2.56
83806,-2.51
83846,-4.69
83893,-3.39
83935,-3.93
83979,-3.44
84020,-2.41
84062,-4.08
84104,-3.36
84147,-4.17
84192,-3.28
84234,-4.89
84281,-3.81
84326,-4.25
84372,-4.45
84417,-3.46
84461,-3.58
84505,-4.3
84550,-3.84
84594,-4.07
84639,-3.59
84682,-3.3
84724,-3.88
84769,-4.32
84815,-5
84863,-4.24
84908,-3.25
84953,-5.35
85001,-4.62
85049,-4.32
85096,-4.64
85143,-4.87
85192,-4.26
85238,-2.64
85279,-4.84
85326,-4.67
85374,-4.49
85421,-4.64
85469,-5.23
85518,-4
85565,-5.05
85614,-4.97
85663,-4.99
85712,-4.49
85760,-4.76
85809,-5.43
85860,-5.33
85911,-5.27
85961,-5.25
86012,-4.57
86060,-4.77
86109,-5.02
86158,-4.39
86207,-5.86
86258,-5.23
86310,-5.3
86361,-5.33
86412,-4.98
86463,-5.81
86516,-5.68
86569,-5.99
86624,-6.25
86680,-6.32
86736,-4.75
86785,-6.09
86840,-5.79
86894,-6.07
86949,-5.32
87002,-6.53
87058,-5.67
87113,-6.61
87171,-7.17
87232,-7.6
87296,-7.53
87360,-6.57
87418,-5.49
87473,-6.65
87531,-6.99
87591,-6.46
87649,-6.84
87708,-5.57
87764,-7.44
87824,-5.85
87881,-6.97
87941,-6.52
87999,-6.04
88054,-5.8
88109,-5.75
88164,-6.59
88222,-6.52
88280,-5.94
88336,-6.88
88396,-5.81
88451,-6.42
88509,-7.01
88568,-5.69
88624,-6.15
88681,-6.27
88738,-5.69
88792,-5.26
88844,-5.61
88897,-5.1
88949,-5.53
89002,-5.1
89055,-6.44
89112,-6.29
89169,-5.64
89224,-6.09
89280,-6.16
89336,-4.67
89386,-4.89
89437,-5.12
89488,-4.84
89539,-5.05
89590,-5.25
89642,-6.23
89700,-6.11
89755,-4.76
89807,-5.17
89858,-5.22
89911,-5.52
89963,-4.7
90013,-3.89
90062,-5.01
90112,-5.39
90165,-5.46
90218,-5.4
90272,-5.46
90324,-3.98
90374,-6.37
90430,-5.86
90486,-5.32
90539,-4.91
90590,-6.77
90650,-6.59
90710,-6.38
90769,-6.21
90827,-5.92
90883,-5.64
90938,-4.88
90989,-5.16
91041,-5.67
91096,-5.71
91151,-5.16
91206,-6.6
91263,-5.76
91320,-6.34
91378,-5.87
91435,-5.82
91491,-6.73
91550,-4.22
91600,-4.95
91652,-5.59
91707,-6.04
91764,-6.19
91821,-5.27
91875,-5.68
91930,-5.61
91985,-4.9
92037,-5.3
92090,-5.35
92144,-5.33
92198,-5.76
92254,-5.85
92310,-5.63
92365,-5.27
92418,-4.13
92468,-5.19
92521,-5.63
92575,-4.87
92627,-5.09
92679,-4.21
92729,-5.9
92784,-4.69
92836,-4.91
92888,-4.88
92939,-4.8
92991,-5.37
93045,-6.05
93101,-4.6
93154,-5.32
93207,-5.16
93261,-5.59
93314,-4.38
93365,-4.23
93414,-4.57
93464,-4.47
93515,-4.78
93567,-5.92
93622,-5.05
93676,-4.88
93726,-3.53
93775,-5.54
93828,-4.73
93880,-4.44
93930,-4.78
93981,-4.85
94033,-4.67
94084,-4.34
94134,-4.39
94183,-4.14
94232,-4.22
94282,-5.61
94336,-3.99
94385,-4.6
94436,-5.41
94490,-4.24
94540,-4.93
94592,-4.95
94645,-5.05
94699,-6.12
94755,-4.68
94807,-3.94
94855,-2.73
94899,-3.02
94943,-4.17
94991,-3.41
95037,-3.63
95084,-4.42
95133,-4.14
95182,-4.11
95232,-4.82
95284,-5.38
95338,-4.94
95391,-5.03
95444,-5.33
95499,-4.98
95552,-4.92
95605,-5.36
95659,-4.54
95711,-5.02
95764,-5.26
95817,-4.22
95869,-4.96
95921,-5.3
95974,-3.23
96022,-4.78
96074,-5.86
96129,-4.14
96180,-4.8
96232,-4.32
96282,-3.73
96330,-4.6
96381,-5.23
96435,-4.87
96488,-3.69
96536,-5.84
96593,-5.15
96647,-4.73
96699,-3.82
96749,-5.46
96802,-4.29
96854,-4.8
96905,-4.24
96956,-4.72
97008,-4.7
97061,-5.71
97115,-3.56
97166,-5.11
97217,-4.22
97268,-4.32
97318,-4.22
97369,-4.37
97419,-4.17
97470,-5.05
97522,-4.83
97575,-3.84
97625,-5.46
97679,-4.73
97732,-4.86
97785,-3.41
97833,-4.2
97882,-4.8
97935,-5.13
97990,-5.03
98044,-4.78
98096,-3.82
98145,-4.46
98196,-4.16
98247,-5.44
98301,-3.68
98352,-5.35
98405,-4.63
98458,-4.59
98509,-3.73
98559,-4.64
98610,-3.68
98660,-4.82
98712,-5.33
98767,-5.15
98822,-4.54
98875,-5.3
98930,-4.47
98983,-5.66
99040,-4.32
99091,-4.7
99144,-4.67
99197,-5.87
99255,-5.59
99313,-5.16
99368,-4.71
99422,-5.28
99477,-5.06
99532,-4.7
99585,-4.2
99636,-5.21
99691,-4.2
99742,-4.17
99793,-4.58
99845,-4.53
99898,-5.61
99954,-4.3
100007,-5.03
100060,-4.32
100112,-4.07
100164,-4.88
100216,-4.33
100268,-3.89
100319,-4.75
100371,-4.48
100424,-4.76
100476,-3.79
100527,-4.67
100579,-4.02
100630,-5
100684,-4.57
100737,-4.45
100789,-4.3
100841,-4.29
100892,-3.92
100943,-5.13
100998,-4.92
101053,-5.16
101108,-4.9
101163,-4.24
101215,-4.37
101266,-3.79
101316,-3.54
101365,-4.04
101413,-2.79
101460,-3.45
101508,-4.51
101559,-3.88
101611,-4.84
101664,-4.47
101717,-4.69
101770,-4.09
101822,-4.64
101875,-4.34
101928,-4.34
101980,-4.26
102032,-5.02
102088,-4.59
102141,-4.41
102194,-4.24
102246,-4.9
102302,-6.18
102362,-4.74
102418,-4.84
102473,-5.13
102529,-4.87
102585,-4.77
102640,-5.45
102697,-4.32
102752,-5.51
102810,-5.58
102869,-5.54
102928,-5.24
102985,-4.8
103041,-5.95
103102,-5.74
103163,-6.22
103225,-5.29
103284,-6.97
103352,-6.74
103418,-6.26
103483,-7.35
103553,-6.98
103621,-6.45
103687,-7.29
103755,-5.83
103820,-6.89
103886,-5.69
103948,-6.25
104011,-5.72
104072,-5.67
104133,-6.78
104200,-6.16
104262,-4.57
104320,-5.64
104380,-5.94
104442,-5.48
104503,-5.47
104562,-5.29
104622,-5.75
104683,-5.25
104742,-4.59
104798,-4.9
104854,-4.88
104911,-4.64
104968,-5.15
105025,-4.98
105083,-4.02
105136,-4.85
105193,-5.49
105254,-5.6
105314,-4.87
105372,-4.79
105429,-5.18
105488,-4.89
105545,-4.64
105602,-4.75
105658,-4.9
105716,-5.16
105775,-5.26
105835,-5.13
105894,-5.27
105952,-3.54
106006,-4.48
106061,-4.82
106117,-4.11
106172,-4.51
106228,-4.6
106284,-3.94
106337,-3.94
106390,-4.16
106444,-3.68
106497,-3.94
106549,-3.33
106600,-3.59
106651,-3.01
106701,-3.72
106754,-4.15
106809,-5.17
106868,-4.83
106926,-4.63
106983,-4.03
107038,-4.82
107096,-4.29
107153,-5
107212,-5.32
107273,-5.06
107333,-4.87
107393,-5.83
107456,-5.03
107518,-5.52
107580,-4.91
107640,-5.58
107703,-5.63
107767,-5.54
107831,-6.25
107899,-6.23
107967,-6.39
108036,-6.46
108106,-6.38
108175,-6.52
108245,-6.81
108317,-6.89
108390,-7.51
108466,-6.36
108537,-6.97
108611,-6.53
108682,-6.88
108755,-6.36
108826,-7.19
108901,-6.43
108972,-6.46
109044,-7.74
109122,-6.31
109193,-5.81
109261,-6.25
109330,-6.08
109399,-5.39
109466,-7.04
109540,-5.81
109607,-5.62
109674,-5.58
109740,-5.61
109806,-5.41
109872,-5.01
109935,-6.62
110007,-5.67
110075,-4.25
110135,-5.35
110201,-6.42
110272,-5.62
110340,-5.58
110406,-4.47
110469,-5.12
110532,-5.27
110598,-5.26
110664,-5.57
110731,-5.41
110797,-4.78
110861,-5.29
110927,-4.8
110990,-4.93
111055,-5.45
111121,-5
111186,-4.96
111250,-4.12
111313,-5.73
111380,-5.77
111450,-4.69
111515,-5.41
111582,-5.19
111648,-4.44
111712,-5.43
111779,-5.47
111847,-5.25
111915,-5.18
111982,-4.83
112047,-5.38
112116,-5.62
112185,-4.48
112249,-4.6
112313,-5.14
112380,-5.63
112450,-4.6
112514,-4.15
112577,-5.07
112642,-4.02
112704,-3.82
112764,-4.36
112827,-4.77
112893,-4.64
112957,-4.49
113021,-4.09
113084,-4.1
113147,-5.08
113212,-3.21
113272,-3.64
113331,-3.98
113392,-3.53
113453,-4.35
113516,-4.62
113581,-3.73
113642,-3.42
113702,-4.69
113766,-3.26
113826,-3.06
113883,-2.82
113939,-3.18
113997,-3.03
114054,-2.83
114110,-2.87
114166,-2.01
114220,-3.14
114277,-2.96
114334,-3.08
114392,-2.55
114448,-2.02
114502,-3.09
114559,-3.31
114619,-3.27
114677,-2.69
114734,-2.42
114790,-1.63
114842,-1.84
114894,-2.49
114949,-2.85
115006,-2.17
115060,-2.45
115114,-0.96
115165,-2.16
115219,-1.92
115273,-2.18
115326,-1.21
115377,-2.6
115432,-2.12
115486,-2.36
115542,-2.23
115596,-2.07
115649,-1.62
115702,-2.28
115757,-2.6
115812,-1.63
115865,-1.42
115918,-2.61
115972,-1.71
116026,-1.63
116079,-2.56
116135,-1.42
116186,-1.73
116239,-3.03
116298,-1.55
116350,-0.81
116400,-1.21
116450,-1.01
116500,-1.24
116550,-1.02
116600,-1.6
116652,-1.48
116704,-1.19
116754,-0.56
116804,-1.32
116855,-1.71
116906,-0.3
116955,-0.79
117003,-0.43
117051,-0.99
117101,-1.56
117152,0.04
117199,-0.56
117247,-0.5
117295,-0.56
117343,-0.32
117390,0.34
117435,-0.7
117483,-0.76
117532,-0.2
117580,-0.39
117627,-0.37
117674,0.39
117720,-0.5
117767,-0.51
117815,0.4
117861,-0.41
117907,0.09
117955,-0.87
118004,-0.65
118051,1.38
118094,0.73
118137,1.14
118179,0.05
118225,-0.9
118274,0.22
118321,-0.32
118369,-0.7
118416,0.43
118462,0.5
118506,0.7
118551,-0.49
118599,0.16
118645,-0.09
118693,-0.35
118741,-0.07
118788,0.75
118832,-0.19
118879,0.29
118924,0.41
118968,1.33
119012,0.16
119055,1.6
119098,0.56
119142,0.61
119186,0.32
119232,0.19
119277,0.72
119322,0.28
119367,0.3
119413,0.87
119458,-0.33
119505,0.12
119551,1.29
119594,0.67
119638,1.37
119680,0.28
119725,0.89
119769,1.25
119810,2.11
119851,0.76
119894,0.66
119938,1.13
119981,0.47
120027,0.11
120073,0.84
120117,1.13
120160,0.59
120203,1.98
120245,0.59
120289,1.9
120329,1.54
120370,1.25
120412,1.47
120454,0.79
120498,1.14
120541,1.38
120583,0.99
120626,0.71
120670,0.96
120714,1.28
120757,1.02
120800,1.12
120843,1.85
120883,1.31
120925,1.59
120967,1.42
121008,1.58
121049,1.87
121090,2.5
121128,1.15
121171,1.08
121212,2.49
121253,1.22
121294,1.39
121336,1.38
121378,1.55
121420,1.37
121462,1.55
121503,2.33
121542,1.87
121582,2.88
121620,1.68
121661,0.98
121703,2.23
121743,2.36
121782,1.67
121823,1.52
121864,1.69
121905,2.14
121945,1.46
121987,0.47
122032,1.24
122075,1.5
122118,1.09
122160,1.71
122202,1.23
122245,1.8
122287,2.06
122327,2.31
122366,1.72
122406,2.71
122445,2.18
122485,1.28
122528,1.66
122569,1.99
122610,1.73
122651,1.78
122691,2.06
122731,2.21
122771,2.06
122811,1.65
122851,2.53
122890,2.71
122928,2.34
122968,1.07
123008,2.44
123049,2.09
123088,2.14
123128,1.65
123168,2.32
123210,0.52
123252,2.45
123292,2.37
123331,1.74
123373,1.29
123414,2.55
123455,1.09
123496,2.2
123536,1.48
123577,3.01
123616,1.48
123657,1.3
123699,2.39
123738,2.73
123776,2.3
123815,2.32
123855,1.52
123895,3.12
123932,2.31
123971,2.04
124011,2.47
124050,1.62
124091,0.83
124136,2.51
124174,2.46
124213,2.33
124250,3.77
124285,2.5
124323,2.96
124359,3.66
124395,1.93
124435,2.48
124474,2.11
124512,2.92
124551,1.39
124592,1.54
124635,0.84
124678,1.85
124720,2.13
124761,0.87
124804,0.6
124849,1.71
124891,2.1
124931,2.73
124970,1.57
125010,2.23
125051,1.11
125093,0.81
125138,2.05
125179,0.92
125222,1.27
125265,2.01
125306,1.74
125347,1.44
125389,0.96
125433,1.9
125474,1.68
125515,2.03
125556,1.99
125596,1.14
125639,1.27
125682,1.33
125724,1.5
125767,1.08
125810,1.62
125853,0.59
125898,0.21
125944,2.09
125985,1.39
126028,1.08
126072,1.11
126114,2.28
126156,0.79
126198,2.14
126239,0.84
126283,0.91
126327,2.06
126368,2.06
126409,0.43
126453,1.11
126498,0.33
126544,0.49
126591,1.33
126633,1.16
126676,1.77
126718,1.91
126758,1.5
126799,2.39
126839,2.6
126877,2.14
126916,2.29
126954,3.21
126990,2.53
127028,3.18
127065,2.14
127103,2.79
127140,3.2
127176,2.65
127214,1.9
127253,2.16
127293,2.25
127331,2.61
127369,2.86
127407,1.66
127447,1.89
127487,2.08
127526,2.98
127562,3.33
127598,2.44
127636,2.77
127672,2.95
127710,2.04
127748,2.95
127785,3.59
127823,3.25
127860,2.81
127896,4.4
127929,3.36
127963,3.93
127997,4.32
128029,4.43
128063,3.36
128097,3.97
128129,3.2
128163,3.47
128197,3.26
128232,4.38
128265,2.56
128299,4.79
128334,4
128367,2.9
128399,4.08
128430,3.46
128462,4.79
128493,4.71
128524,4.06
128556,4.86
128587,3.84
128617,3.1
128648,3.66
128681,4.84
128712,5.46
128744,3.96
128776,3.34
128809,4.3
128841,4.59
128872,4.51
128905,3.16
128939,3.79
128972,3.88
129006,2.35
129041,3.52
129074,3.66
129108,4.61
129140,3.38
129175,3.12
129208,4.09
129241,3.8
129274,3.77
129306,4.56
129337,2.65
129373,2.98
129408,2.88
129443,4.35
129475,3.44
129509,3.06
129543,3.77
129576,3.26
129610,3.32
129644,3.46
129677,3.37
129711,3.08
129746,1.93
129784,2.42
129820,3.7
129854,3.31
129888,2.92
129923,3.08
129957,3.35
129991,2.31
130027,2.72
130063,2.91
130099,3.39
130133,1.57
130172,2.12
130208,2.82
130244,2.19
130281,1.91
130318,2.61
130355,2.75
130391,1.67
130430,1.64
130467,3.25
130506,0.77
130546,1.14
130587,2.15
130625,1.55
130664,1.34
130705,0.89
130747,1.04
130788,1
130830,0.81
130872,0.9
130915,-0.18
130960,0.42
131004,0.63
131048,0.46
131091,0.4
131135,0.77
131178,0.35
131223,-0.32
131269,0.4
131314,0.49
131358,0.07
131403,0.75
131446,-0.23
131492,-0.12
131538,-1.67
131591,-1.17
131642,-0.69
131691,-1.13
131742,-1.09
131792,-1.59
131845,-1.52
131898,-1.76
131951,-1.78
132005,-1.38
132058,-2.85
132116,-2.6
132173,-1.52
132227,-1.66
132280,-1.33
132332,-2.1
132387,-2.32
132443,-2.28
132500,-3.15
132557,-2.13
132614,-3.14
132674,-3.27
132737,-2.73
132796,-3.46
132859,-3.27
132921,-3.74
132985,-3.55
133050,-4.35
133117,-4.13
133184,-3.03
133245,-3.21
133308,-4.71
133377,-4.68
133447,-3.57
133511,-2.99
133574,-3.7
133638,-4.48
133708,-4.8
133779,-5.32
133853,-3.66
133920,-5.02
133991,-4.84
134064,-5.18
134137,-5.7
134214,-4.65
134286,-5.61
134363,-5.48
134439,-5.47
134516,-5.89
134595,-5.79
134674,-5.76
134753,-6.31
134835,-6.07
134916,-6.29
134999,-6.88
135086,-8.34
135174,-6.99
135263,-7.66
135357,-7.77
135452,-7.73
135547,-7.8
135643,-7.15
135741,-6.83
135829,-8.01
135926,-7.47
136018,-6.54
136105,-7.39
136197,-8.39
136298,-7.89
136395,-8.48
136497,-8.73
136602,-8.77
136706,-8.27
136802,-8.51
136903,-8.12
137003,-8.46
137106,-8.68
137209,-7.44
137303,-7.46
137397,-8.28
137498,-8.11
137597,-7.77
137697,-8.35
137793,-8.59
137897,-8.19
137997,-7.77
138096,-8.33
138197,-8.06
138297,-8.49
138401,-8.53
138504,-7.93
138604,-8.85
138709,-9.01
138813,-8.78
138920,-9.43
139033,-9.07
139143,-8.94
139251,-9.32
139360,-8.77
139467,-8.54
139572,-8.57
139677,-8.85
139785,-9.14
139896,-8.48
140001,-9.13
140110,-8.01
140213,-9.19
140323,-9.11
140434,-8.47
140538,-8.22
140641,-9.06
140751,-8.67
140859,-9.02
140969,-9.13
141080,-9.17
141192,-8.76
141300,-8.84
141409,-8.38
141514,-8.81
141623,-9.33
141736,-8
141837,-7.95
141938,-8.51
142043,-7.82
142143,-8.42
142248,-8.78
142357,-9.29
142470,-8.61
142578,-8.71
142686,-8.15
142789,-8.27
142893,-7.66
142991,-8.23
143095,-8.91
143206,-8.84
143316,-9.04
143427,-8.04
143529,-7.5
143628,-8.51
143734,-9.1
143846,-8.35
143953,-9.09
144065,-8.87
144175,-8.07
144279,-7.64
144378,-8.3
144483,-8.34
144588,-8.47
144695,-7.93
144798,-8.47
144904,-8.27
145009,-7.91
145113,-8.96
145223,-8.22
145329,-8.1
145432,-7.92
145535,-8.99
145647,-8.39
145755,-8.8
145866,-9.29
145982,-8.82
146093,-7.38
146191,-8.09
146295,-8.48
146403,-8.33
146509,-7.97
146613,-8.18
146715,-6.82
146803,-8.33
146907,-7.65
147008,-7.9
147110,-7.54
147211,-8.26
147317,-8.62
147426,-8.78
147538,-8.87
147650,-8.49
147760,-8.8
147871,-8.07
147976,-7.33
148074,-7.35
148173,-8.2
148278,-7.66
148377,-7.15
148474,-7.94
148577,-8.15
148683,-8.38
148791,-8.31
148899,-7.65
149001,-8.14
149107,-8.31
149214,-8.09
149320,-8.49
149429,-7.86
149533,-7.86
149636,-6.91
149732,-7.84
149834,-6.92
149930,-7.14
150026,-7
150122,-6.96
